date,start_time,event_name,venue,url
2026-04-01,10:00 AM,Cycle: The Art of John Smith,Chachalu,https://www.chachalu.org/exhibits/cycle-the-art-of-john-smith/
2026-04-01,7:00 PM,Bluegrass Jam,Pizzario,https://www.pizzariohillsboro.com/
2026-04-01,7:30 PM,Apple Hunters,Artists Repertory Theatre,https://artistsrep.org/performance/apple-hunters/
2026-04-02,10:00 AM,Cycle: The Art of John Smith,Chachalu,https://www.chachalu.org/exhibits/cycle-the-art-of-john-smith/
2026-04-02,7:00 PM,Stormy Creek Company,Pizzario,https://www.pizzariohillsboro.com/
2026-04-02,7:30 PM,Apple Hunters,Artists Repertory Theatre,https://artistsrep.org/performance/apple-hunters/
2026-04-03,10:00 AM,Cycle: The Art of John Smith,Chachalu,https://www.chachalu.org/exhibits/cycle-the-art-of-john-smith/
2026-04-03,7:00 PM,Kyndel James,Pizzario,https://www.pizzariohillsboro.com/
2026-04-03,7:30 PM,Apple Hunters,Artists Repertory Theatre,https://artistsrep.org/performance/apple-hunters/
2026-04-04,10:00 AM,Cycle: The Art of John Smith,Chachalu,https://www.chachalu.org/exhibits/cycle-the-art-of-john-smith/
2026-04-04,10:00 AM,Portland Saturday Market,Waterfront Park,https://www.portlandsaturdaymarket.com/
2026-04-04,7:00 PM,Audrey Aiken Duo,Pizzario,https://www.pizzariohillsboro.com/
2026-04-04,7:30 PM,Apple Hunters,Artists Repertory Theatre,https://artistsrep.org/performance/apple-hunters/
2026-04-05,10:00 AM,Cycle: The Art of John Smith,Chachalu,https://www.chachalu.org/exhibits/cycle-the-art-of-john-smith/
2026-04-05,2:00 PM,Apple Hunters,Artists Repertory Theatre,https://artistsrep.org/performance/apple-hunters/
2026-04-05,7:00 PM,Open Mic Night,Pizzario,https://www.pizzariohillsboro.com/
2026-04-06,10:00 AM,Cycle: The Art of John Smith,Chachalu,https://www.chachalu.org/exhibits/cycle-the-art-of-john-smith/
2026-04-06,7:00 PM,Comedy Night,Pizzario,https://www.pizzariohillsboro.com/
2026-04-07,10:00 AM,Cycle: The Art of John Smith,Chachalu,https://www.chachalu.org/exhibits/cycle-the-art-of-john-smith/
2026-04-07,10:00 AM,Exhibit: Beyond the Stars,Walters Cultural Arts Center,https://www.hillsboro-oregon.gov/Home/Components/Calendar/Event/140788/4932
2026-04-07,7:00 PM,Jazz Jam,Pizzario,https://www.pizzariohillsboro.com/
2026-04-07,10:00 PM,K-Lands Fest (K-Pop/J-Pop),Badlands,https://www.badlandsportland.com/
2026-04-08,10:00 AM,Cycle: The Art of John Smith,Chachalu,https://www.chachalu.org/exhibits/cycle-the-art-of-john-smith/
2026-04-08,10:00 AM,Exhibit: Beyond the Stars,Walters Cultural Arts Center,https://www.hillsboro-oregon.gov/Home/Components/Calendar/Event/140788/4932
2026-04-08,7:00 PM,Bluegrass Jam,Pizzario,https://www.pizzariohillsboro.com/
2026-04-08,7:30 PM,Apple Hunters,Artists Repertory Theatre,https://artistsrep.org/performance/apple-hunters/
2026-04-09,7:30 AM,Doggie Dash Portland,Waterfront Park,https://secure.oregonhumane.org/doggiedash/Static/portland
2026-04-09,10:00 AM,Cycle: The Art of John Smith,Chachalu,https://www.chachalu.org/exhibits/cycle-the-art-of-john-smith/
2026-04-09,10:00 AM,Exhibit: Beyond the Stars,Walters Cultural Arts Center,https://www.hillsboro-oregon.gov/Home/Components/Calendar/Event/140788/4932
2026-04-09,7:00 PM,Rachel Walther: Born to Lose,Word Virus Books,https://everout.com/portland/events/rachel-walther/e235717/
2026-04-09,7:00 PM,Joe Woods,Pizzario,https://www.pizzariohillsboro.com/
2026-04-09,7:30 PM,Apple Hunters,Artists Repertory Theatre,https://artistsrep.org/performance/apple-hunters/
2026-04-10,10:00 AM,Cycle: The Art of John Smith,Chachalu,https://www.chachalu.org/exhibits/cycle-the-art-of-john-smith/
2026-04-10,10:00 AM,Exhibit: Beyond the Stars,Walters Cultural Arts Center,https://www.hillsboro-oregon.gov/Home/Components/Calendar/Event/140788/4932
2026-04-10,5:00 PM,2026 Cherry Blossom Bazaar (Special Preview Night!),The Povey Building,https://everout.com/portland/events/cherry-blossom-bazaar/e236322/
2026-04-10,7:00 PM,New Rhythm Makers,Pizzario,https://www.pizzariohillsboro.com/
2026-04-10,7:30 PM,Apple Hunters,Artists Repertory Theatre,https://artistsrep.org/performance/apple-hunters/
2026-04-10,8:00 PM,Mix Master Mike + DJ Wicked,The Get Down,https://www.tixr.com/groups/thegetdownpdx
2026-04-10,Check Schedule,2026 Fertile Ground Festival,HART Theater,https://www.hart-theatre.org/fertileground
2026-04-11,10:00 AM,2026 Cherry Blossom Bazaar,The Povey Building,https://everout.com/portland/events/cherry-blossom-bazaar/e236322/
2026-04-11,10:00 AM,Cycle: The Art of John Smith,Chachalu,https://www.chachalu.org/exhibits/cycle-the-art-of-john-smith/
2026-04-11,10:00 AM,Exhibit: Beyond the Stars,Walters Cultural Arts Center,https://www.hillsboro-oregon.gov/Home/Components/Calendar/Event/140788/4932
2026-04-11,10:00 AM,Portland Saturday Market,Waterfront Park,https://www.portlandsaturdaymarket.com/
2026-04-11,6:00 PM,Animal Farm,Fertile Ground,https://fertilegroundpdx.ludus.com/index.php?show_id=200512906
2026-04-11,7:00 PM,The Von Dwells & The Februarys,No Fun,https://everout.com/portland/events/paradise-cleaners-the-von-dwells-the-februarys/e233160/
2026-04-11,7:00 PM,"Portland Baroque Orchestra ""All Roads Lead to Mozart""",Kaul Auditorium,https://pbo.org/2025-26-season/all-roads-lead-to-mozart
2026-04-11,7:00 PM,A Decade in Motion (Music),The Reser,https://thereser.org/event/a-decade-in-motion-philip-mahoney-with-special-guest-jay-r/
2026-04-11,7:00 PM,Rose Welcome Home Party,Pizzario,https://www.pizzariohillsboro.com/
2026-04-11,7:30 PM,Apple Hunters,Artists Repertory Theatre,https://artistsrep.org/performance/apple-hunters/
2026-04-11,Check Schedule,2026 Fertile Ground Festival,HART Theater,https://www.hart-theatre.org/fertileground
2026-04-12,10:00 AM,2026 Cherry Blossom Bazaar,The Povey Building,https://everout.com/portland/events/cherry-blossom-bazaar/e236322/
2026-04-12,10:00 AM,Cycle: The Art of John Smith,Chachalu,https://www.chachalu.org/exhibits/cycle-the-art-of-john-smith/
2026-04-12,10:00 AM,Exhibit: Beyond the Stars,Walters Cultural Arts Center,https://www.hillsboro-oregon.gov/Home/Components/Calendar/Event/140788/4932
2026-04-12,12:00 PM,Animal Farm,Fertile Ground,https://fertilegroundpdx.ludus.com/index.php?show_id=200512906
2026-04-12,2:00 PM,Apple Hunters,Artists Repertory Theatre,https://artistsrep.org/performance/apple-hunters/
2026-04-12,3:00 PM,Huntertones (Music),The Reser,https://focm.org/concerts/2025-26-season/huntertones/6502/
2026-04-12,3:00 PM,"Portland Baroque Orchestra ""All Roads Lead to Mozart""",Kaul Auditorium,https://pbo.org/2025-26-season/all-roads-lead-to-mozart
2026-04-12,7:00 PM,Open Mic Night,Pizzario,https://www.pizzariohillsboro.com/
2026-04-12,Check Schedule,2026 Fertile Ground Festival,HART Theater,https://www.hart-theatre.org/fertileground
2026-04-13,10:00 AM,Cycle: The Art of John Smith,Chachalu,https://www.chachalu.org/exhibits/cycle-the-art-of-john-smith/
2026-04-13,10:00 AM,Exhibit: Beyond the Stars,Walters Cultural Arts Center,https://www.hillsboro-oregon.gov/Home/Components/Calendar/Event/140788/4932
2026-04-13,Check Schedule,2026 Fertile Ground Festival,HART Theater,https://www.hart-theatre.org/fertileground
2026-04-14,10:00 AM,Cycle: The Art of John Smith,Chachalu,https://www.chachalu.org/exhibits/cycle-the-art-of-john-smith/
2026-04-14,10:00 AM,Exhibit: Beyond the Stars,Walters Cultural Arts Center,https://www.hillsboro-oregon.gov/Home/Components/Calendar/Event/140788/4932
2026-04-14,5:00 PM,All-Ages Board Game Night (LGBTQ+),Westside Queer Resource Center,https://queersocialclub.com/events-portland/i488wvlr3nn272kzl88e0a9uh01b5e-jwmb9-7aphb-x3z74-2dfgb-ypzsw-8e36m
2026-04-14,7:00 PM,Jazz Jam,Pizzario,https://www.pizzariohillsboro.com/
2026-04-14,7:30 PM,Planet Money: Live!,The Reser,https://thereser.org/event/planet-money-live/
2026-04-14,Check Schedule,2026 Fertile Ground Festival,HART Theater,https://www.hart-theatre.org/fertileground
2026-04-15,10:00 AM,Cycle: The Art of John Smith,Chachalu,https://www.chachalu.org/exhibits/cycle-the-art-of-john-smith/
2026-04-15,10:00 AM,Exhibit: Beyond the Stars,Walters Cultural Arts Center,https://www.hillsboro-oregon.gov/Home/Components/Calendar/Event/140788/4932
2026-04-15,10:00 AM,Portland Panorama Basecamp,KGW Studio in The Square,https://www.thesquarepdx.org/event/portland-panorama-basecamp/2026-04-15/
2026-04-15,6:30 PM,2026 HeART of Portland: A Portland Public Schools K-12 Arts Showcase Opening Celebration,"Portland Art Museum, Mark Building",https://portlandartmuseum.org/event/2026-heart-of-portland-opening-celebration/
2026-04-15,7:00 PM,Pavements x Music Millennium & Matador Records,Tomorrow Theater,https://portlandartmuseum.org/event/pavements-x-music-millenium-matador-records/
2026-04-15,7:00 PM,Bluegrass Jam,Pizzario,https://www.pizzariohillsboro.com/
2026-04-15,7:15 PM,Thursday presents FULL CITY DEVOLUCION with Chris Conley,Wonder Ballroom,https://wonderballroom.com/event/thursday-presents-full-city-devolucion/wonder-ballroom/portland-oregon/
2026-04-15,7:30 PM,Apple Hunters,Artists Repertory Theatre,https://artistsrep.org/performance/apple-hunters/
2026-04-15,7:30 PM,Chanticleer,Kaul Auditorium,https://focm.org/concerts/2025-26-season/chanticleer-25-26/6497/
2026-04-15,7:30 PM,Dropout Improv: Spring 2026 Tour,Keller Auditorium,https://www.portland5.com/event/dropout-improv-spring-2026-tour
2026-04-15,8:00 PM,Karaoke w/ KJ Mom Jeans,Turn! Turn! Turn!,https://www.lonelygodpdx.com/events/karaoke-w-kj-mom-jeans
2026-04-15,8:30 PM,Oklou,Crystal Ballroom,https://monqui.com/event/oklou/crystal-ballroom/portland-oregon/
2026-04-15,Check Schedule,2026 Fertile Ground Festival,HART Theater,https://www.hart-theatre.org/fertileground
2026-04-16,10:00 AM,Cycle: The Art of John Smith,Chachalu,https://www.chachalu.org/exhibits/cycle-the-art-of-john-smith/
2026-04-16,10:00 AM,Exhibit: Beyond the Stars,Walters Cultural Arts Center,https://www.hillsboro-oregon.gov/Home/Components/Calendar/Event/140788/4932
2026-04-16,12:00 PM,In Concert on Downtown's Transit Mall – Kendall Lujan,Less & More Coffee,https://www.thesquarepdx.org/events/2026-04-16/
2026-04-16,6:00 PM,Quick and Easy Boys,Laurelthirst Public House,https://laurelthirst.com/events/quick-and-easy-boys-2/
2026-04-16,6:00 PM,Obese Landscapes (Reception),Multnomah Arts Center,https://youroregonnews.com/2026/04/10/portland-artist-ami-maki-debuts-body-positive-obese-landscapes-exhibit-at-multnomah-arts-center/
2026-04-16,7:00 PM,"Pickles, Pickles, Pickles with Dillon T. Pickle",PAM CUT's Tomorrow Theater,https://portlandartmuseum.org/event/pickles-pickles-pickles-with-dillon-t-pickle-2/
2026-04-16,7:00 PM,"Babes In Canyon, New Body Electric, Small Paul",Holocene,https://www.holocene.org/event/babes-in-canyon-new-body-electric-small-paul-21/holocene/portland/
2026-04-16,7:00 PM,Stormy Creek Company,Pizzario,https://www.pizzariohillsboro.com/
2026-04-16,7:30 PM,Apple Hunters,Artists Repertory Theatre,https://artistsrep.org/performance/apple-hunters/
2026-04-16,7:30 PM,Mountain Woman,Back Door Theater,https://www.fusetheatreensemble.com/
2026-04-16,7:30 PM,Conspire + Horsebag + FOPO + Obedient,Turn! Turn! Turn!,https://www.lonelygodpdx.com/events/conspire-horsebag-fopo-obedient-turn-turn-turn
2026-04-16,7:30 PM,"Telltale Presents: The ""Raising Awareness"" Show",Hawthorne Hideaway,https://www.merctickets.com/events/183979524/telltale-presents-the-raising-awareness-show
2026-04-16,8:00 PM,The Pharcyde,Hawthorne Theatre,https://hawthornetheatre.com/event/the-pharcyde/hawthorne-theatre/portland-oregon/
2026-04-16,8:00 PM,MEL BROWN B3 ORGAN GROUP,Jack London Revue,https://www.jacklondonrevue.com/tm-event/mel-brown-b3-organ-group-8/
2026-04-16,8:00 PM,"Tsunami Bomb, Nasalrod, Altar Girl",High Water Mark Lounge,https://www.treetix.com/204621/highwatermark
2026-04-16,Check Schedule,2026 Fertile Ground Festival,HART Theater,https://www.hart-theatre.org/fertileground
2026-04-17,10:00 AM,Cycle: The Art of John Smith,Chachalu,https://www.chachalu.org/exhibits/cycle-the-art-of-john-smith/
2026-04-17,10:00 AM,Exhibit: Beyond the Stars,Walters Cultural Arts Center,https://www.hillsboro-oregon.gov/Home/Components/Calendar/Event/140788/4932
2026-04-17,10:00 AM,Portland Panorama Basecamp,KGW Studio in The Square,https://www.thesquarepdx.org/event/portland-panorama-basecamp/2026-04-17/
2026-04-17,12:00 PM,Music on the Steps,Central Library,https://events.multcolib.org/event/15736532&registration=true
2026-04-17,6:00 PM,Cosmic Crawl,Downtown Hillsboro,https://aftontickets.com/event/buyticket/o69n7zyvx3
2026-04-17,6:00 PM,Raising Bilingual Children,Nordia House,https://www.nordicnorthwest.org/event-details/raising-bilingual-children
2026-04-17,6:30 PM,Crystal Ballroom - Taken by the Sky (Fleetwood Mac Tribute),Crystal Ballroom,https://www.mcmenamins.com/events/273842-taken-by-the-sky-fleetwood-mac-tribute
2026-04-17,7:00 PM,"Dr. Ashwini Bhide Deshpande, Hindustani Vocal",First Baptist Church,https://kalakendra.org/etn/dr-ashwini-bhide-deshpande-hindustani-vocal/
2026-04-17,7:00 PM,Special Event: Ms. Pat (Fri & Sat),Helium Comedy Club,https://portland.heliumcomedy.com/events/125433
2026-04-17,7:00 PM,Special Event: Ms. Pat,Helium Comedy Club,https://portland.heliumcomedy.com/shows/344352
2026-04-17,7:00 PM,Big Bash Rio 11 Year Anniversary,Pizzario,https://www.pizzariohillsboro.com/
2026-04-17,7:00 PM,New Moon Immersive Sound Bath Meditation,Multnomah Arts Center,https://www.sentinelsoundllc.com/event-details/new-moon-immersive-sound-bath-meditation
2026-04-17,7:30 PM,Apple Hunters,Artists Repertory Theatre,https://artistsrep.org/performance/apple-hunters/
2026-04-17,7:30 PM,Neil Simon's Rumors,Experience Theatre Project,https://experiencetheatreproject.ludus.com/show_page.php?show_id=200489354
2026-04-17,7:30 PM,Mountain Woman,Back Door Theater,https://www.fusetheatreensemble.com/
2026-04-17,7:30 PM,Guest Directors (album release) + Risley + Ten Million Lights + As Above w/ DJ Wednesday,Swan Dive,https://www.lonelygodpdx.com/events/guest-directors-album-release-risley-ten-million-lights-album-release-as-above-w-dj-wednesday-swan-dive
2026-04-17,7:30 PM,Little Obsessions + Sandy Pylos,Turn! Turn! Turn!,https://www.lonelygodpdx.com/events/little-obsessions-sandy-pylos-turn-turn-turn
2026-04-17,7:30 PM,Mozart's Cosi Fan Tutte,Portland State University,https://www.pdx.edu/music-theater/cosi-fan-tutte
2026-04-17,8:00 PM,Ladybug Infestation,White Eagle Saloon,https://www.mcmenamins.com/events/275473-ladybug-infestation
2026-04-17,8:00 PM,THE MESSTHETICS + JAMES BRANDON LEWIS,Star Theater,https://www.startheaterportland.com/tm-event/the-messthetics-james-brandon-lewis/
2026-04-17,8:30 PM,Rich Kids On LSD with Berzerk & My New Vice,Dante's Live,https://www.danteslive.com/tm-event/rich-kids-on-lsd-with-berzek-my-new-vice/
2026-04-17,Check Schedule,2026 Fertile Ground Festival,HART Theater,https://www.hart-theatre.org/fertileground
2026-04-17,Check Schedule,Shen Yun,Keller Auditorium,https://www.portland5.com/event/shen-yun
2026-04-18,8:00 AM,Record Store Day,503 Records,https://503records.com/events
2026-04-18,8:00 AM,Record Store Day,Music Millennium,https://musicmillennium.tuneportals.com/Event/67600
2026-04-18,10:00 AM,Cycle: The Art of John Smith,Chachalu,https://www.chachalu.org/exhibits/cycle-the-art-of-john-smith/
2026-04-18,10:00 AM,Exhibit: Beyond the Stars,Walters Cultural Arts Center,https://www.hillsboro-oregon.gov/Home/Components/Calendar/Event/140788/4932
2026-04-18,10:00 AM,Shibari 101: Rope for Everyone,Portland Shibari Salon,https://www.merctickets.com/events/178193984/shibari-101-rope-for-everyone
2026-04-18,10:00 AM,Kids Woodcarving Adventure: Walking Sticks & Danish Lore,Nordia House,https://www.nordicnorthwest.org/event-details/kids-woodcarving-adventure-walking-sticks-danish-lore
2026-04-18,10:00 AM,Portland Saturday Market,Waterfront Park,https://www.portlandsaturdaymarket.com/
2026-04-18,10:00 AM,Portland Panorama Basecamp,KGW Studio in The Square,https://www.thesquarepdx.org/event/portland-panorama-basecamp/2026-04-18/
2026-04-18,12:00 PM,Heated Rivalry Drag Brunch,Helium Comedy Club,https://portland.heliumcomedy.com/shows/363231
2026-04-18,12:30 PM,Mountain Woman,Back Door Theater,https://www.fusetheatreensemble.com/
2026-04-18,1:00 PM,Resting in Resonance,The Reser,https://thereser.org/event/resting-in-resonance-with-gabriel-shana/
2026-04-18,1:00 PM,Saturday Crafternoons (LGBTQ+),Westside Queer Resource Center,https://westsideqrc.org/calendar/event/4942/2026/04/18
2026-04-18,1:00 PM,Earth Day Extravaganza,Room & Board,https://www.instagram.com/reel/DW9uS8xku1K/
2026-04-18,3:00 PM,Vespers: Contemporary Dance,The Reser,https://thereser.org/event/vespers-2026/
2026-04-18,3:30 PM,Ohio Goes to the Movies,Hillsboro Orpheum,https://america250-ohio.org/event/ohio-goes-to-the-movies-highland-county/
2026-04-18,4:30 PM,Third Day - World Vision Volunteers,Veterans Memorial Coliseum,https://www.eventbrite.com/e/third-day-world-vision-volunteers-portland-or-tickets-1981910958027
2026-04-18,6:30 PM,Behemoth: The Godless IV 2026,Roseland Theater,https://roselandpdx.com/event/behemoth-the-godless-iv-2026/roseland-theater/portland-oregon/
2026-04-18,7:00 PM,Special Event: Ms. Pat,Helium Comedy Club,https://portland.heliumcomedy.com/events/125433
2026-04-18,7:00 PM,Open Mic Night + Rum Gun (Live!),One Horse Taphouse,https://www.onehorsetap.com/
2026-04-18,7:00 PM,45th Parallel,Pizzario,https://www.pizzariohillsboro.com/
2026-04-18,7:30 PM,Apple Hunters,Artists Repertory Theatre,https://artistsrep.org/performance/apple-hunters/
2026-04-18,7:30 PM,Neil Simon's Rumors,Experience Theatre Project,https://experiencetheatreproject.ludus.com/show_page.php?show_id=200489354
2026-04-18,7:30 PM,Vespers: Contemporary Dance,The Reser,https://thereser.org/event/vespers-2026/
2026-04-18,7:30 PM,Steel Mill Rising - A Tribute to the EAGLES,Steamworks Creative,https://tickettomato.com/event/9932/steel-mill-rising-a-tribute-to-the-eagles
2026-04-18,7:30 PM,Red Panda Death March + Skitzotoxin + Griefer,Turn! Turn! Turn!,https://www.lonelygodpdx.com/events/red-panda-death-march-skitzotoxin-griefer-turn-turn-turn
2026-04-18,8:00 PM,Saturday Night Show 🌈,Darcelle XV Showplace,https://darcellexv.com/event/saturday-night-show%f0%9f%8c%88/2026-04-18/
2026-04-18,8:00 PM,Outer Orbit Presents: The Music of Sly & The Family Stone,Goodfoot Pub & Lounge,https://www.eventbrite.com/e/outer-orbit-presents-the-music-of-sly-the-family-stone-tickets-1984580637109
2026-04-18,8:00 PM,YACHT ROCK REVUE BAND,Jack London Revue,https://www.jacklondonrevue.com/tm-event/yacht-rock-revue-band/
2026-04-18,8:00 PM,Gus Baldwin & the Sktech + Abby Jeanne & the Shadowband + Triple Lutz,Swan Dive,https://www.lonelygodpdx.com/events/gus-baldwin-the-sktech-abby-jeanne-the-shadowband-triple-lutz-swan-dive
2026-04-18,8:00 PM,DOCKIN' YACHTS: THE YACHT ROCK REVUE BAND,Jack London Revue,https://www.ticketweb.com/event/dockin-yachts-the-yacht-rock-revue-band-jack-london-revue-tickets/14786013
2026-04-18,8:00 PM,YACHT ROCK REVUE BAND,Jack London Revue,https://www.ticketweb.com/event/yacht-rock-revue-band-jack-london-revue-tickets/14786013
2026-04-18,8:30 PM,Broadway Rave,Hawthorne Theatre,https://hawthornetheatre.com/event/broadway-rave-9/hawthorne-theatre/portland-oregon/
2026-04-18,9:00 PM,Bearracuda Portland GLOW Party 2026!,Nova PDX,https://sickening.events/e/bearracuda-portland-glow/tickets
2026-04-18,9:00 PM,Moonshine Bandits Night 2,Ponderosa Lounge & Grill,https://www.eventbrite.com/e/moonshine-bandits-night-2-tickets-1977113321166
2026-04-18,9:00 PM,Valerie Tosi Album Recording,The Siren Theater,https://www.eventbrite.com/e/valerie-tosi-album-recording-tickets-1983403955623
2026-04-18,Check Schedule,2026 Fertile Ground Festival,HART Theater,https://www.hart-theatre.org/fertileground
2026-04-18,Check Schedule,Shen Yun,Keller Auditorium,https://www.portland5.com/event/shen-yun
2026-04-19,7:50 AM,Bridge to Brews 2026,Tom McCall Waterfront Park,https://raceroster.com/events/2026/110732/bridge-to-brews-2026
2026-04-19,10:00 AM,Cycle: The Art of John Smith,Chachalu,https://www.chachalu.org/exhibits/cycle-the-art-of-john-smith/
2026-04-19,10:00 AM,Exhibit: Beyond the Stars,Walters Cultural Arts Center,https://www.hillsboro-oregon.gov/Home/Components/Calendar/Event/140788/4932
2026-04-19,10:00 AM,Portland Panorama Basecamp,KGW Studio in The Square,https://www.thesquarepdx.org/event/portland-panorama-basecamp/2026-04-19/
2026-04-19,12:00 PM,Chillsboro 420 Market,Tall Trees Taphouse,https://www.yelp.com/biz/tall-trees-taphouse-hillsboro
2026-04-19,12:30 PM,Sunday Funday Drag Brunch 🥂,Darcelle XV Showplace,https://darcellexv.com/event/sunday-funday-drag-brunch%f0%9f%a5%82/2026-04-19/
2026-04-19,1:00 PM,Music Together of Portland,Sellwood-Moreland Library,https://events.multcolib.org/event/15019189&registration=true
2026-04-19,1:00 PM,Music Together of Portland,Sellwood-Moreland Library,https://events.multcolib.org/event/15019190&registration=true
2026-04-19,1:00 PM,Neil Simon's Rumors,Experience Theatre Project,https://experiencetheatreproject.ludus.com/show_page.php?show_id=200489354
2026-04-19,1:00 PM,Vibroacoustic Sound Bath Reset,Goldsmith Blocks,https://www.sentinelsoundllc.com/event-details/vibroacoustic-sound-bath-reset
2026-04-19,2:00 PM,Apple Hunters,Artists Repertory Theatre,https://artistsrep.org/performance/apple-hunters/
2026-04-19,2:30 PM,Animal Farm,Fertile Ground,https://fertilegroundpdx.ludus.com/index.php?show_id=200512906
2026-04-19,3:00 PM,Mozart's Cosi Fan Tutte,Portland State University,https://www.pdx.edu/music-theater/cosi-fan-tutte
2026-04-19,4:00 PM,Vespers: Contemporary Dance,The Reser,https://thereser.org/event/vespers-2026/
2026-04-19,5:00 PM,Live Wire Speakeasy,Multnomah Whiskey Library,https://livewireradio.boldtypetickets.com/events/183277786/live-wire-speakeasy-multnomah-whiskey-library
2026-04-19,5:00 PM,Live Wire Speakeasy,Multnomah Whiskey Library,https://livewireradio.merctickets.com/events/183277786/live-wire-speakeasy-multnomah-whiskey-library
2026-04-19,5:00 PM,A Benefit for PIRC w/ Chibia + Salmon Doza + Camille Tredoux + Norf Jordan + Mary Eliza + Spinitch,Swan Dive,https://www.lonelygodpdx.com/events/a-benefit-for-pirc-w-chibia-salmon-doza-camille-tredoux-norf-jordan-mary-eliza-spinitch
2026-04-19,7:00 PM,Chapters (Comedy),Al's Den,https://www.mcmenamins.com/events/275837-chapters
2026-04-19,7:00 PM,Open Mic Night,Pizzario,https://www.pizzariohillsboro.com/
2026-04-19,7:00 PM,YAIMA with Raef Pearlman & Daniel Berkman,Star Theater,https://www.startheaterportland.com/tm-event/yaima-with-raef-pearlman-daniel-berkman/
2026-04-19,7:30 PM,Chris Higgins at The Neon Room,The Neon Room at Helium,https://portland.heliumcomedy.com/shows/338609
2026-04-19,7:30 PM,Fat Ham,The Armory,https://www.pcs.org/fat-ham
2026-04-19,8:00 PM,Freddie Dredd - Back to Hell Tour (moved from Roseland),Hawthorne Theatre,https://hawthornetheatre.com/event/freddie-dredd-back-to-hell-tour-moved-from-roseland-theater/hawthorne-theatre/portland-oregon/
2026-04-19,8:00 PM,Freddie Dredd - Back to Hell Tour,Hawthorne Theatre,https://roselandpdx.com/event/freddie-dredd-back-to-hell-tour/hawthorne-theatre/portland-oregon/
2026-04-19,Check Schedule,Shen Yun,Keller Auditorium,https://www.portland5.com/event/shen-yun
2026-04-20,10:00 AM,Cycle: The Art of John Smith,Chachalu,https://www.chachalu.org/exhibits/cycle-the-art-of-john-smith/
2026-04-20,10:00 AM,Exhibit: Beyond the Stars,Walters Cultural Arts Center,https://www.hillsboro-oregon.gov/Home/Components/Calendar/Event/140788/4932
2026-04-20,4:00 PM,Pub Crawl,Downtown Hillsboro and Orenco,https://www.eventbrite.com/e/crawl-for-a-cure-beer-and-cider-tastings-tickets-1985926584875
2026-04-20,6:00 PM,OMSI Science Pub: The Edge of Space-Time,Mission Theater,https://www.mcmenamins.com/events/270256-omsi-science-pub
2026-04-20,6:00 PM,The Sugar Roots Blues Jam,White Eagle Saloon,https://www.mcmenamins.com/events/274684-the-sugar-roots-blues-jam
2026-04-20,6:30 PM,Petey + Laine + Jay Weezy + Avalos + Tha Day w/ DJ Savo,Turn! Turn! Turn!,https://www.lonelygodpdx.com/events/petey-laine-jay-weezy-avalos-tha-day-w-dj-savo-turn-turn-turn
2026-04-20,6:30 PM,Petey + Laine + Jay Wy + Tha Day w/ DJ Savo,Turn! Turn! Turn!,https://www.lonelygodpdx.com/events/petey-laine-jay-wy-tha-day-w-dj-savo-turn-turn-turn
2026-04-20,7:00 PM,Poetry Open Mic,Hawthorne Hideaway,https://www.facebook.com/thehawthornehideaway/
2026-04-20,7:00 PM,Sip and Paint Night,Pizzario,https://www.pizzariohillsboro.com/
2026-04-20,7:30 PM,An Evening with Yo-Yo Ma,Arlene Schnitzer Concert Hall,https://www.portland5.com/arlene-schnitzer-concert-hall/events/evening-yo-yo-ma
2026-04-20,8:00 PM,Dank and Dangerous,Novel,https://sickening.events/e/dank-and-dangerous/tickets
2026-04-21,10:00 AM,Cycle: The Art of John Smith,Chachalu,https://www.chachalu.org/exhibits/cycle-the-art-of-john-smith/
2026-04-21,10:00 AM,Exhibit: Beyond the Stars,Walters Cultural Arts Center,https://www.hillsboro-oregon.gov/Home/Components/Calendar/Event/140788/4932
2026-04-21,12:00 PM,In Concert on Downtown's Transit Mall – Sasa Fox,Big Pink,https://www.thesquarepdx.org/events/2026-04-21/
2026-04-21,6:00 PM,Pagan Jug Band,Laurelthirst Public House,https://laurelthirst.com/events/pagan-jug-band-7/
2026-04-21,7:00 PM,Champagne's Catch A Rising Star 🌟,Darcelle XV Showplace,https://darcellexv.com/event/champagnes-catch-a-rising-star-%f0%9f%8c%9f/2026-04-21/
2026-04-21,7:00 PM,4OUR // Caleb & The Monsters // N0vamajiq,Alberta Street Pub,https://www.albertastreetpub.com/music/2026/4/21/4our-caleb-amp-the-monsters-n0vamajiq
2026-04-21,7:00 PM,Classical Up Close - Full-Length Concerts,Trinity Church of Portland,https://www.classicalupclose.org/events.html
2026-04-21,7:00 PM,HE IS LEGEND - 'Suck Out The Poison' 20th Anniversary Tour,Dante's Live,https://www.danteslive.com/tm-event/he-is-legend-suck-out-the-poison-20th-anniversary-tour-with-a-lot-like-birds-lost-in-separation/
2026-04-21,7:00 PM,Jazz Jam,Pizzario,https://www.pizzariohillsboro.com/
2026-04-21,7:00 PM,HE IS LEGEND - 'Suck Out The Poison' 20th Anniversary Tour,Dante's,https://www.ticketweb.com/event/he-is-legend-dantes-tickets/14126964
2026-04-21,7:30 PM,Fat Ham,The Armory,https://www.pcs.org/fat-ham
2026-04-21,8:00 PM,Food House w/saoirse dream,Holocene,https://www.holocene.org/event/food-house-w-saoirse-dream-21/holocene/portland/
2026-04-22,10:00 AM,Cycle: The Art of John Smith,Chachalu,https://www.chachalu.org/exhibits/cycle-the-art-of-john-smith/
2026-04-22,10:00 AM,Exhibit: Beyond the Stars,Walters Cultural Arts Center,https://www.hillsboro-oregon.gov/Home/Components/Calendar/Event/140788/4932
2026-04-22,7:00 PM,Mt. Hood Jazz Festival - The Old Church,The Old Church,https://tickettomato.com/event/9841/mt-hood-jazz-festival-nbsp-the-old-church
2026-04-22,7:00 PM,Bluegrass Jam,Pizzario,https://www.pizzariohillsboro.com/
2026-04-22,7:30 PM,Apple Hunters,Artists Repertory Theatre,https://artistsrep.org/performance/apple-hunters/
2026-04-22,7:30 PM,PA Holmes + Phone Voice,Turn! Turn! Turn!,https://www.lonelygodpdx.com/events/pa-holmes-phone-voice-turn-turn-turn
2026-04-22,7:30 PM,Fat Ham,The Armory,https://www.pcs.org/fat-ham
2026-04-22,9:00 PM,PENTAGRAM with Dusted Angel & Guest,Star Theater,https://www.startheaterportland.com/tm-event/pentagram-with-dusted-angel-guest/
2026-04-23,10:00 AM,Cycle: The Art of John Smith,Chachalu,https://www.chachalu.org/exhibits/cycle-the-art-of-john-smith/
2026-04-23,10:00 AM,Exhibit: Beyond the Stars,Walters Cultural Arts Center,https://www.hillsboro-oregon.gov/Home/Components/Calendar/Event/140788/4932
2026-04-23,12:00 PM,In Concert on Downtown's Transit Mall – Jordan Sings,Pioneer Place,https://www.thesquarepdx.org/events/2026-04-23/
2026-04-23,7:00 PM,Zach Connelly,Alberta Street Pub,https://www.albertastreetpub.com/music/2026/4/23/zach-connelly
2026-04-23,7:00 PM,Katherine Rhee,Pizzario,https://www.pizzariohillsboro.com/
2026-04-23,7:30 PM,Apple Hunters,Artists Repertory Theatre,https://artistsrep.org/performance/apple-hunters/
2026-04-23,7:30 PM,Neil Simon's Rumors,Experience Theatre Project,https://experiencetheatreproject.ludus.com/show_page.php?show_id=200489354
2026-04-23,7:30 PM,Community Gardens + Fruited Planes + Blurries,Turn! Turn! Turn!,https://www.lonelygodpdx.com/events/community-gardens-fruited-planes-blurries-turn-turn-turn
2026-04-23,7:30 PM,Fat Ham,The Armory,https://www.pcs.org/fat-ham
2026-04-23,9:00 PM,TIGER FOX Presents: Monty x Visages,The Den,https://events.humanitix.com/mxv
2026-04-23,9:00 PM,"Monty Visages, Echo Brown, The Brund",The Den,https://events.humanitix.com/mxv
2026-04-23,9:00 PM,PENTAGRAM with Dusted Angel & Guest,Dante's Live,https://www.danteslive.com/tm-event/pentagram-with-dusted-angel-guest/
2026-04-24,10:00 AM,Cycle: The Art of John Smith,Chachalu,https://www.chachalu.org/exhibits/cycle-the-art-of-john-smith/
2026-04-24,10:00 AM,Exhibit: Beyond the Stars,Walters Cultural Arts Center,https://www.hillsboro-oregon.gov/Home/Components/Calendar/Event/140788/4932
2026-04-24,5:30 PM,Conexión Latina,Beaverton Area Chamber of Commerce,https://business.beaverton.org/calendar/Details/conexi-n-latina-1639548
2026-04-24,6:00 PM,(BOBA) with Boba,The Reser,https://thereser.org/event/boba-with-boba/
2026-04-24,6:30 PM,18+ Queer Affinity Group,Westside Queer Resource Center,https://queersocialclub.com/events-portland/queer-affinity-group-18-wqrc-5-trn6e-c7dhz-frem8-34tps-wjl7a-af5w9
2026-04-24,7:00 PM,503 Open Mic!,503 Records,https://503records.com/events
2026-04-24,7:00 PM,Bootleg Ridge,Pizzario,https://www.pizzariohillsboro.com/
2026-04-24,7:00 PM,Restorative Sound Bath and Immersive Journey,Multnomah Arts Center,https://www.sentinelsoundllc.com/event-details/a-restorative-sound-bath-and-immersive-journey
2026-04-24,7:30 PM,Apple Hunters,Artists Repertory Theatre,https://artistsrep.org/performance/apple-hunters/
2026-04-24,7:30 PM,Hillsboro Symphony Orchestra: A World of Dance,Walters Cultural Arts Center,https://cityofhillsboro.ticketspice.com/hillsboro-symphony-orchestra
2026-04-24,7:30 PM,DRAWING ON THE WALLS,Portland Community College (Sylvania) - Performing Arts Center,https://cmnw.org/concerts-events/2025-26-season/windsync-bodyvox-music-dance-1/2387
2026-04-24,7:30 PM,Neil Simon's Rumors,Experience Theatre Project,https://experiencetheatreproject.ludus.com/show_page.php?show_id=200489354
2026-04-24,7:30 PM,Young Artists Debut,The Reser,https://thereser.org/event/young-artists-debut-2/
2026-04-24,7:30 PM,Young Artists Debut,The Reser,https://thereser.org/event/young-artists-debut-2/
2026-04-24,7:30 PM,VHS Ghost + Porch Kiss,Turn! Turn! Turn!,https://www.lonelygodpdx.com/events/vhs-ghost-porch-kiss-turn-turn-turn
2026-04-24,7:30 PM,Fat Ham,The Armory,https://www.pcs.org/fat-ham
2026-04-24,8:00 PM,"The Toxhards – ""Get Destructive Tour""",Hawthorne Lounge,https://hawthornetheatre.com/event/the-toxhards-get-destructive-tour-spring-2026-tour/hawthorne-lounge/portland-oregon/
2026-04-24,8:30 PM,All Your Friends (DJ Night),Hawthorne Theatre,https://hawthornetheatre.com/event/all-your-friends-dj-night-2/hawthorne-theatre/portland-oregon/
2026-04-24,9:00 PM,DJ LUVONE,Alberta Street Pub,https://www.albertastreetpub.com/music/2026/4/24/dj-luvone
2026-04-24,Check Schedule,Hillsboro Film Festival,Downtown Hillsboro: Cultural Arts District,https://bagnbaggage.org/event/third-annual-hillsboro-film-festival/
2026-04-24,Check Schedule,Ceramic Showcase,Oregon Convention Center,https://www.ceramicshowcase.com/
2026-04-25,10:00 AM,Cycle: The Art of John Smith,Chachalu,https://www.chachalu.org/exhibits/cycle-the-art-of-john-smith/
2026-04-25,10:00 AM,Exhibit: Beyond the Stars,Walters Cultural Arts Center,https://www.hillsboro-oregon.gov/Home/Components/Calendar/Event/140788/4932
2026-04-25,10:00 AM,Portland Saturday Market,Waterfront Park,https://www.portlandsaturdaymarket.com/
2026-04-25,1:00 PM,Sketchy People Book Release,NWMOCA,https://www.kentcomics.com/shows/2026/4/25/year-10-book-release
2026-04-25,2:00 PM,DRAWING ON THE WALLS,Portland Community College (Sylvania) - Performing Arts Center,https://cmnw.org/concerts-events/2025-26-season/windsync-bodyvox-music-dance-2/2388
2026-04-25,5:00 PM,Fuzzyville (Neal Weiss),Music Millennium,https://musicmillennium.tuneportals.com/Event/67754
2026-04-25,5:00 PM,Peter Rodeckor // So It is with Decent,Alberta Street Pub,https://www.albertastreetpub.com/music/2026/4/25/peter-rodeckor-so-it-is-with-decent
2026-04-25,6:00 PM,BIPOC Affinity Night for Fat Ham,The Armory,https://www.pcs.org/events/fat-ham-bipoc-affinity-night
2026-04-25,7:00 PM,Jazz Interlude at The Burlingame Space Mt. Hood Jazz Fest,The Burlingame Space,https://tickettomato.com/event/9910/jazz-interlude-at-the-burlingame-space-mt-hood-jazz-fest
2026-04-25,7:00 PM,Any Given Session,Pizzario,https://www.pizzariohillsboro.com/
2026-04-25,7:30 PM,The Nowhere Band plays Sgt. Pepper and Abbey Road,Alberta Rose Theatre,https://albertarosetheatre.com/event/the-nowhere-band-plays-sgt-pepper-and-abbey-road-9/alberta-rose-theatre/portland-oregon/
2026-04-25,7:30 PM,Apple Hunters,Artists Repertory Theatre,https://artistsrep.org/performance/apple-hunters/
2026-04-25,7:30 PM,DRAWING ON THE WALLS,Portland Community College (Sylvania) - Performing Arts Center,https://cmnw.org/concerts-events/2025-26-season/windsync-bodyvox-music-dance-3/2389
2026-04-25,7:30 PM,Neil Simon's Rumors,Experience Theatre Project,https://experiencetheatreproject.ludus.com/show_page.php?show_id=200489354
2026-04-25,7:30 PM,David Jacobs-Strain & Bob Beach folk music concert,Reedwood Friends Church,https://thebeenews.com/2026/03/28/events-and-activities-in-april/
2026-04-25,7:30 PM,OBT by Design,Patricia Reser Center for the Arts,https://thereser.org/event/obt-by-design-2/
2026-04-25,7:30 PM,OBT by Design,The Reser,https://thereser.org/event/obt-by-design/
2026-04-25,7:30 PM,Mo Dotti + American Moon + Aqua Celestia,Turn! Turn! Turn!,https://www.lonelygodpdx.com/events/mo-dotti-american-moon-aqua-celestia-turn-turn-turn
2026-04-25,7:30 PM,Max Castillo & Aaron Monte,The Siren Theater,https://www.merctickets.com/events/183150664/max-castillo-aaron-monte
2026-04-25,7:30 PM,Fat Ham,The Armory,https://www.pcs.org/fat-ham
2026-04-25,7:30 PM,Mozart's Cosi Fan Tutte,Portland State University,https://www.pdx.edu/music-theater/cosi-fan-tutte
2026-04-25,8:00 PM,WYNNE,Hawthorne Theatre,https://hawthornetheatre.com/event/wynne/hawthorne-theatre/portland-oregon/
2026-04-25,8:00 PM,Sunn O))),Roseland Theater,https://roselandpdx.com/event/sunn-o/roseland-theater/portland-oregon/
2026-04-25,9:00 PM,DJ Pyum // Sayu Beats,Alberta Street Pub,https://www.albertastreetpub.com/music/2026/4/25/dj-pyum-sayu-beats
2026-04-25,9:00 PM,SUB DOCTA SECOND OPINION TOUR,Star Theater,https://www.startheaterportland.com/tm-event/sub-docta-second-opinion-tour/
2026-04-25,9:00 PM,SUB DOCTA SECOND OPINION TOUR,Star Theater,https://www.ticketweb.com/event/sub-docta-second-opinion-tour-star-theater-tickets/14098944
2026-04-25,10:30 PM,BURLY-Q REVUE,Jack London Revue,https://www.ticketweb.com/event/burly-q-revue-jack-london-revue-tickets/14021654
2026-04-25,Check Schedule,Hillsboro Film Festival,Downtown Hillsboro: Cultural Arts District,https://bagnbaggage.org/event/third-annual-hillsboro-film-festival/
2026-04-25,Check Schedule,Ceramic Showcase,Oregon Convention Center,https://www.ceramicshowcase.com/
2026-04-26,10:00 AM,Cycle: The Art of John Smith,Chachalu,https://www.chachalu.org/exhibits/cycle-the-art-of-john-smith/
2026-04-26,10:00 AM,Exhibit: Beyond the Stars,Walters Cultural Arts Center,https://www.hillsboro-oregon.gov/Home/Components/Calendar/Event/140788/4932
2026-04-26,1:00 PM,Neil Simon's Rumors,Experience Theatre Project,https://experiencetheatreproject.ludus.com/show_page.php?show_id=200489354
2026-04-26,2:00 PM,Apple Hunters,Artists Repertory Theatre,https://artistsrep.org/performance/apple-hunters/
2026-04-26,2:00 PM,Fat Ham,The Armory,https://www.pcs.org/fat-ham
2026-04-26,3:00 PM,Animal Farm,Fertile Ground,https://fertilegroundpdx.ludus.com/index.php?show_id=200512906
2026-04-26,3:00 PM,An American Question: Who Gets to Be Heard?,The Reser,https://thereser.org/event/an-american-question-who-gets-to-be-heard/
2026-04-26,3:00 PM,An American Question: Who Gets to be Heard,The Reser,https://thereser.org/event/an-american-question-who-gets-to-be-heard/
2026-04-26,3:00 PM,Mozart's Cosi Fan Tutte,Portland State University,https://www.pdx.edu/music-theater/cosi-fan-tutte
2026-04-26,4:00 PM,DRAWING ON THE WALLS,Portland Community College (Sylvania) - Performing Arts Center,https://cmnw.org/concerts-events/2025-26-season/windsync-bodyvox-music-dance-4/2390
2026-04-26,7:00 PM,The Vagilantes + Grumble & the Ghost + Rabbit Venom + Stephanie Strange,Turn! Turn! Turn!,https://www.lonelygodpdx.com/events/the-vagilantes-grumble-the-ghost-rabbit-venom-stephanie-strange-turn-turn-turn
2026-04-26,7:00 PM,POP PRINCESS: A NIGHT OF ICONS,Star Theater,https://www.startheaterportland.com/tm-event/pop-princess-a-night-of-icons/
2026-04-26,7:30 PM,Max Castillo & Aaron Monte,The Siren Theater,https://www.merctickets.com/events/183150664/max-castillo-aaron-monte
2026-04-26,7:30 PM,Fat Ham,The Armory,https://www.pcs.org/fat-ham
2026-04-26,8:30 PM,THE GENTS OF CHAOS followed by Sinferno Cabaret,Dante's,https://www.danteslive.com/tm-event/the-gents-of-chaos-followed-by-sinferno-cabaret/
2026-04-26,8:30 PM,THE GENTS OF CHAOS followed by Sinferno Cabaret,Dante's,https://www.ticketweb.com/event/the-gents-of-chaos-followed-dantes-tickets/14790793
2026-04-26,Check Schedule,Hillsboro Film Festival,Downtown Hillsboro: Cultural Arts District,https://bagnbaggage.org/event/third-annual-hillsboro-film-festival/
2026-04-26,Check Schedule,Ceramic Showcase,Oregon Convention Center,https://www.ceramicshowcase.com/
2026-04-27,10:00 AM,Cycle: The Art of John Smith,Chachalu,https://www.chachalu.org/exhibits/cycle-the-art-of-john-smith/
2026-04-27,10:00 AM,Exhibit: Beyond the Stars,Walters Cultural Arts Center,https://www.hillsboro-oregon.gov/Home/Components/Calendar/Event/140788/4932
2026-04-27,6:00 PM,The Sugar Roots Blues Jam,White Eagle Saloon,https://www.mcmenamins.com/events/274683-the-sugar-roots-blues-jam
2026-04-27,6:30 PM,A night of Apocalyptic Futurism with Jamie Mustard and Jelani Memory,Portland Center Stage at The Armory,https://www.pcs.org/events/hybred-an-evening-with-author-jamie-mustard
2026-04-27,7:00 PM,Slush,Alberta Street Pub,https://www.albertastreetpub.com/music/2026/4/27/slush
2026-04-27,7:00 PM,Sip and Paint Night,Pizzario,https://www.pizzariohillsboro.com/
2026-04-27,7:30 PM,Queens of the Stone Age: The Catacombs Tour,Arlene Schnitzer Concert Hall,https://www.portland5.com/
2026-04-27,8:00 PM,Cydeways,Hawthorne Theatre Lounge,https://hawthornetheatre.com/event/cydeways/hawthorne-lounge/portland-oregon/
2026-04-27,8:00 PM,AZ Power (LA) + Bad Spring (LA) + Chandler Trey Johnson + Gutter Creep,Turn! Turn! Turn!,https://www.lonelygodpdx.com/events/az-power-la-bad-spring-la-chandler-trey-johnson-gutter-creep-turn-turn-turn
2026-04-28,10:00 AM,Cycle: The Art of John Smith,Chachalu,https://www.chachalu.org/exhibits/cycle-the-art-of-john-smith/
2026-04-28,10:00 AM,Exhibit: Beyond the Stars,Walters Cultural Arts Center,https://www.hillsboro-oregon.gov/Home/Components/Calendar/Event/140788/4932
2026-04-28,11:30 AM,Level up your brand with Phone Photography,Beaverton Area Chamber of Commerce,https://business.beaverton.org/calendar/Details/level-up-your-brand-with-phone-photography-1693556
2026-04-28,12:00 PM,In Concert on Downtown's Transit Mall – Machado Mijiga,Sixth+Main,https://www.thesquarepdx.org/events/2026-04-28/
2026-04-28,5:30 PM,Electronic Music Meetup for People in Recovery,Synth Library Portland,https://withfriends.events/event/8hurRMxp/electronic-music-meetup-for-people-in-recovery/
2026-04-28,7:00 PM,Champagne's Catch A Rising Star 🌟,Darcelle XV Showplace,https://darcellexv.com/event/champagnes-catch-a-rising-star-%f0%9f%8c%9f/2026-04-28/
2026-04-28,7:00 PM,Shadow of Intent - Imperium Delirium North American Tour 2026,Hawthorne Theatre,https://hawthornetheatre.com/event/shadow-of-intent-imperium-delirium-north-american-tour-2026/hawthorne-theatre/portland-oregon/
2026-04-28,8:00 PM,WILLIAM BASINSKI with Kelly Moran,Star Theater,https://www.ticketweb.com/event/william-basinski-with-kelly-moran-star-theater-tickets/14119564
2026-04-29,10:00 AM,Cycle: The Art of John Smith,Chachalu,https://www.chachalu.org/exhibits/cycle-the-art-of-john-smith/
2026-04-29,10:00 AM,Exhibit: Beyond the Stars,Walters Cultural Arts Center,https://www.hillsboro-oregon.gov/Home/Components/Calendar/Event/140788/4932
2026-04-29,6:00 PM,Rhapsody in Red,Laurelthirst Public House,https://laurelthirst.com/events/rhapsody-in-red-24/
2026-04-29,7:00 PM,Cathedral Bells / Strawberry Milk Cult,Hawthorne Theatre Lounge,https://hawthornetheatre.com/event/cathedral-bells-strawberry-milk-cult/hawthorne-lounge/portland-oregon/
2026-04-29,7:00 PM,UNO Night @ Punch Bowl Social,Punch Bowl Social Portland,https://www.eventbrite.com/e/portland-or-uno-night-punch-bowl-social-tickets-1978849547265
2026-04-29,7:30 PM,Products (mpls) + Nick Normal + Filling,Turn! Turn! Turn!,https://www.lonelygodpdx.com/events/products-mpls-nick-normal-filling-turn-turn-turn
2026-04-29,7:30 PM,Fat Ham,The Armory,https://www.pcs.org/fat-ham
2026-04-29,7:30 PM,LEATHER STRIP,Star Theater,https://www.startheaterportland.com/tm-event/laether-strip/
2026-04-30,10:00 AM,Cycle: The Art of John Smith,Chachalu,https://www.chachalu.org/exhibits/cycle-the-art-of-john-smith/
2026-04-30,10:00 AM,Exhibit: Beyond the Stars,Walters Cultural Arts Center,https://www.hillsboro-oregon.gov/Home/Components/Calendar/Event/140788/4932
2026-04-30,7:00 PM,Verselandia! Youth Slam Poetry Championship 2026,Arlene Schnitzer Concert Hall,https://www.portland5.com/event/verselandia-youth-poetry-slam-championship
2026-04-30,7:30 PM,Neil Simon's Rumors,Experience Theatre Project,https://experiencetheatreproject.ludus.com/show_page.php?show_id=200489354
2026-04-30,7:30 PM,Fat Ham,The Armory,https://www.pcs.org/fat-ham
2026-05-01,10:00 AM,Cycle: The Art of John Smith,Chachalu,https://www.chachalu.org/exhibits/cycle-the-art-of-john-smith/
2026-05-01,10:00 AM,Exhibit: Beyond the Stars,Walters Cultural Arts Center,https://www.hillsboro-oregon.gov/Home/Components/Calendar/Event/140788/4932
2026-05-01,7:30 PM,Hoedown Cabaret,Walters Cultural Arts Center,https://cityofhillsboro.ticketspice.com/stages
2026-05-01,7:30 PM,Neil Simon's Rumors,Experience Theatre Project,https://experiencetheatreproject.ludus.com/show_page.php?show_id=200489354
2026-05-01,7:30 PM,Fat Ham,The Armory,https://www.pcs.org/fat-ham
2026-05-02,10:00 AM,Cycle: The Art of John Smith,Chachalu,https://www.chachalu.org/exhibits/cycle-the-art-of-john-smith/
2026-05-02,10:00 AM,Exhibit: Beyond the Stars,Walters Cultural Arts Center,https://www.hillsboro-oregon.gov/Home/Components/Calendar/Event/140788/4932
2026-05-02,10:00 AM,Portland Saturday Market,Waterfront Park,https://www.portlandsaturdaymarket.com/
2026-05-02,2:00 PM,Fat Ham,The Armory,https://www.pcs.org/fat-ham
2026-05-02,5:00 PM,Rezfest 2k26 (All Ages!),Warm Springs Community Center,https://www.facebook.com/100051068394971/posts/saturday-may-2-2026-rezfest-2026-would-also-like-to-thank-austin-greene-at-the-r/1508694370842828/
2026-05-02,7:30 PM,Neil Simon's Rumors,Experience Theatre Project,https://experiencetheatreproject.ludus.com/show_page.php?show_id=200489354
2026-05-02,7:30 PM,Steel Magnolias,HART Theater,https://hart.ludus.com/
2026-05-02,7:30 PM,Fat Ham,The Armory,https://www.pcs.org/fat-ham
2026-05-03,10:00 AM,Cycle: The Art of John Smith,Chachalu,https://www.chachalu.org/exhibits/cycle-the-art-of-john-smith/
2026-05-03,10:00 AM,Exhibit: Beyond the Stars,Walters Cultural Arts Center,https://www.hillsboro-oregon.gov/Home/Components/Calendar/Event/140788/4932
2026-05-03,1:00 PM,Neil Simon's Rumors,Experience Theatre Project,https://experiencetheatreproject.ludus.com/show_page.php?show_id=200489354
2026-05-03,2:00 PM,Steel Magnolias,HART Theater,https://hart.ludus.com/
2026-05-03,2:00 PM,Fat Ham,The Armory,https://www.pcs.org/fat-ham
2026-05-03,7:30 PM,Fat Ham,The Armory,https://www.pcs.org/fat-ham
2026-05-04,10:00 AM,Cycle: The Art of John Smith,Chachalu,https://www.chachalu.org/exhibits/cycle-the-art-of-john-smith/
2026-05-04,10:00 AM,Exhibit: Beyond the Stars,Walters Cultural Arts Center,https://www.hillsboro-oregon.gov/Home/Components/Calendar/Event/140788/4932
2026-05-05,10:00 AM,Cycle: The Art of John Smith,Chachalu,https://www.chachalu.org/exhibits/cycle-the-art-of-john-smith/
2026-05-05,10:00 AM,Exhibit: Beyond the Stars,Walters Cultural Arts Center,https://www.hillsboro-oregon.gov/Home/Components/Calendar/Event/140788/4932
2026-05-05,5:00 PM,Hillsboro Art Walk,Downtown Hillsboro,https://www.hillsboro-oregon.gov/our-city/departments/parks-recreation/events/art-walk
2026-05-06,10:00 AM,Cycle: The Art of John Smith,Chachalu,https://www.chachalu.org/exhibits/cycle-the-art-of-john-smith/
2026-05-06,10:00 AM,Exhibit: Beyond the Stars,Walters Cultural Arts Center,https://www.hillsboro-oregon.gov/Home/Components/Calendar/Event/140788/4932
2026-05-06,7:30 PM,Fat Ham,The Armory,https://www.pcs.org/fat-ham
2026-05-07,10:00 AM,Cycle: The Art of John Smith,Chachalu,https://www.chachalu.org/exhibits/cycle-the-art-of-john-smith/
2026-05-07,10:00 AM,Exhibit: Beyond the Stars,Walters Cultural Arts Center,https://www.hillsboro-oregon.gov/Home/Components/Calendar/Event/140788/4932
2026-05-07,6:00 PM,Maisy Owen,Music Millennium,https://musicmillennium.tuneportals.com/Event/67827
2026-05-07,7:30 PM,Neil Simon's Rumors,Experience Theatre Project,https://experiencetheatreproject.ludus.com/show_page.php?show_id=200489354
2026-05-07,7:30 PM,Fat Ham,The Armory,https://www.pcs.org/fat-ham
2026-05-08,10:00 AM,Cycle: The Art of John Smith,Chachalu,https://www.chachalu.org/exhibits/cycle-the-art-of-john-smith/
2026-05-08,10:00 AM,Exhibit: Beyond the Stars,Walters Cultural Arts Center,https://www.hillsboro-oregon.gov/Home/Components/Calendar/Event/140788/4932
2026-05-08,6:00 PM,Lake Laconic,Music Millennium,https://musicmillennium.tuneportals.com/Event/67828
2026-05-08,7:30 PM,Neil Simon's Rumors,Experience Theatre Project,https://experiencetheatreproject.ludus.com/show_page.php?show_id=200489354
2026-05-08,7:30 PM,Steel Magnolias,HART Theater,https://hart.ludus.com/
2026-05-08,7:30 PM,Fat Ham,The Armory,https://www.pcs.org/fat-ham
2026-05-09,7:30 AM,Doggie Dash Portland,Waterfront Park,https://secure.oregonhumane.org/doggiedash/Static/portland
2026-05-09,10:00 AM,Cycle: The Art of John Smith,Chachalu,https://www.chachalu.org/exhibits/cycle-the-art-of-john-smith/
2026-05-09,10:00 AM,Exhibit: Beyond the Stars,Walters Cultural Arts Center,https://www.hillsboro-oregon.gov/Home/Components/Calendar/Event/140788/4932
2026-05-09,10:00 AM,Portland Saturday Market,Waterfront Park,https://www.portlandsaturdaymarket.com/
2026-05-09,2:00 PM,Steel Magnolias,HART Theater,https://hart.ludus.com/
2026-05-09,2:00 PM,Fat Ham,The Armory,https://www.pcs.org/fat-ham
2026-05-09,7:30 PM,Neil Simon's Rumors,Experience Theatre Project,https://experiencetheatreproject.ludus.com/show_page.php?show_id=200489354
2026-05-09,7:30 PM,Steel Magnolias,HART Theater,https://hart.ludus.com/
2026-05-09,7:30 PM,Fat Ham,The Armory,https://www.pcs.org/fat-ham
2026-05-10,10:00 AM,Cycle: The Art of John Smith,Chachalu,https://www.chachalu.org/exhibits/cycle-the-art-of-john-smith/
2026-05-10,10:00 AM,Exhibit: Beyond the Stars,Walters Cultural Arts Center,https://www.hillsboro-oregon.gov/Home/Components/Calendar/Event/140788/4932
2026-05-10,1:00 PM,Neil Simon's Rumors,Experience Theatre Project,https://experiencetheatreproject.ludus.com/show_page.php?show_id=200489354
2026-05-10,2:00 PM,Steel Magnolias,HART Theater,https://hart.ludus.com/
2026-05-10,2:00 PM,Fat Ham,The Armory,https://www.pcs.org/fat-ham
2026-05-11,10:00 AM,Cycle: The Art of John Smith,Chachalu,https://www.chachalu.org/exhibits/cycle-the-art-of-john-smith/
2026-05-11,10:00 AM,Exhibit: Beyond the Stars,Walters Cultural Arts Center,https://www.hillsboro-oregon.gov/Home/Components/Calendar/Event/140788/4932
2026-05-12,10:00 AM,Cycle: The Art of John Smith,Chachalu,https://www.chachalu.org/exhibits/cycle-the-art-of-john-smith/
2026-05-12,10:00 AM,Exhibit: Beyond the Stars,Walters Cultural Arts Center,https://www.hillsboro-oregon.gov/Home/Components/Calendar/Event/140788/4932
2026-05-12,5:00 PM,All-Ages Board Game Night (LGBTQ+),Westside Queer Resource Center,https://queersocialclub.com/events-portland/i488wvlr3nn272kzl88e0a9uh01b5e-jwmb9-7aphb-x3z74-2dfgb-ypzsw-8e36m
2026-05-13,10:00 AM,Cycle: The Art of John Smith,Chachalu,https://www.chachalu.org/exhibits/cycle-the-art-of-john-smith/
2026-05-13,10:00 AM,Exhibit: Beyond the Stars,Walters Cultural Arts Center,https://www.hillsboro-oregon.gov/Home/Components/Calendar/Event/140788/4932
2026-05-13,7:30 PM,Fat Ham,The Armory,https://www.pcs.org/fat-ham
2026-05-13,Check Schedule,NW Butoh Fest,New Expressive Works,https://newexpressiveworks.org/nwbutohfestival2026
2026-05-14,10:00 AM,Cycle: The Art of John Smith,Chachalu,https://www.chachalu.org/exhibits/cycle-the-art-of-john-smith/
2026-05-14,10:00 AM,Exhibit: Beyond the Stars,Walters Cultural Arts Center,https://www.hillsboro-oregon.gov/Home/Components/Calendar/Event/140788/4932
2026-05-14,2:00 PM,Fat Ham,The Armory,https://www.pcs.org/fat-ham
2026-05-14,7:30 PM,Neil Simon's Rumors,Experience Theatre Project,https://experiencetheatreproject.ludus.com/show_page.php?show_id=200489354
2026-05-14,7:30 PM,Steel Magnolias,HART Theater,https://hart.ludus.com/
2026-05-14,7:30 PM,Fat Ham,The Armory,https://www.pcs.org/fat-ham
2026-05-14,Check Schedule,NW Butoh Fest,New Expressive Works,https://newexpressiveworks.org/nwbutohfestival2026
2026-05-15,10:00 AM,Cycle: The Art of John Smith,Chachalu,https://www.chachalu.org/exhibits/cycle-the-art-of-john-smith/
2026-05-15,10:00 AM,Exhibit: Beyond the Stars,Walters Cultural Arts Center,https://www.hillsboro-oregon.gov/Home/Components/Calendar/Event/140788/4932
2026-05-15,5:30 PM,The Fourth Mover of Mountains Gala,"Embassy Suites, Hilton Washington Square",https://www.beaverton.org/movers-of-mountains-community-awards-celebration/
2026-05-15,7:00 PM,503 Open Mic!,503 Records,https://503records.com/events
2026-05-15,7:30 PM,Julian Sapariti,Walters Cultural Arts Center,https://cityofhillsboro.ticketspice.com/julian-saporiti
2026-05-15,7:30 PM,Neil Simon's Rumors,Experience Theatre Project,https://experiencetheatreproject.ludus.com/show_page.php?show_id=200489354
2026-05-15,7:30 PM,Steel Magnolias,HART Theater,https://hart.ludus.com/
2026-05-15,7:30 PM,Fat Ham,The Armory,https://www.pcs.org/fat-ham
2026-05-15,Check Schedule,NW Butoh Fest,New Expressive Works,https://newexpressiveworks.org/nwbutohfestival2026
2026-05-16,10:00 AM,Cycle: The Art of John Smith,Chachalu,https://www.chachalu.org/exhibits/cycle-the-art-of-john-smith/
2026-05-16,10:00 AM,Portland Saturday Market,Waterfront Park,https://www.portlandsaturdaymarket.com/
2026-05-16,1:00 PM,Saturday Crafternoons (LGBTQ+),Westside Queer Resource Center,https://westsideqrc.org/calendar/event/4942/2026/04/18
2026-05-16,2:00 PM,Fat Ham,The Armory,https://www.pcs.org/fat-ham
2026-05-16,7:00 PM,Blonde Aid: Dance for Democracy,Alberta Abbey,https://www.travelportland.com/event/69cdc19b29abb2758eb13266/
2026-05-16,7:30 PM,Neil Simon's Rumors,Experience Theatre Project,https://experiencetheatreproject.ludus.com/show_page.php?show_id=200489354
2026-05-16,7:30 PM,Steel Magnolias,HART Theater,https://hart.ludus.com/
2026-05-16,7:30 PM,Fat Ham,The Armory,https://www.pcs.org/fat-ham
2026-05-16,Check Schedule,NW Butoh Fest,New Expressive Works,https://newexpressiveworks.org/nwbutohfestival2026
2026-05-17,10:00 AM,Cycle: The Art of John Smith,Chachalu,https://www.chachalu.org/exhibits/cycle-the-art-of-john-smith/
2026-05-17,12:00 PM,Taphouse Maker Market,Tall Trees Taphouse,https://www.yelp.com/biz/tall-trees-taphouse-hillsboro
2026-05-17,1:00 PM,Neil Simon's Rumors,Experience Theatre Project,https://experiencetheatreproject.ludus.com/show_page.php?show_id=200489354
2026-05-17,2:00 PM,Steel Magnolias,HART Theater,https://hart.ludus.com/
2026-05-17,2:00 PM,Fat Ham,The Armory,https://www.pcs.org/fat-ham
2026-05-18,10:00 AM,Cycle: The Art of John Smith,Chachalu,https://www.chachalu.org/exhibits/cycle-the-art-of-john-smith/
2026-05-18,7:00 PM,Poetry Open Mic,Hawthorne Hideaway,https://www.facebook.com/thehawthornehideaway/
2026-05-19,10:00 AM,Cycle: The Art of John Smith,Chachalu,https://www.chachalu.org/exhibits/cycle-the-art-of-john-smith/
2026-05-20,10:00 AM,Cycle: The Art of John Smith,Chachalu,https://www.chachalu.org/exhibits/cycle-the-art-of-john-smith/
2026-05-21,10:00 AM,Cycle: The Art of John Smith,Chachalu,https://www.chachalu.org/exhibits/cycle-the-art-of-john-smith/
2026-05-21,7:30 PM,Neil Simon's Rumors,Experience Theatre Project,https://experiencetheatreproject.ludus.com/show_page.php?show_id=200489354
2026-05-22,10:00 AM,Cycle: The Art of John Smith,Chachalu,https://www.chachalu.org/exhibits/cycle-the-art-of-john-smith/
2026-05-22,6:30 PM,18+ Queer Affinity Group,Westside Queer Resource Center,https://queersocialclub.com/events-portland/queer-affinity-group-18-wqrc-5-trn6e-c7dhz-frem8-34tps-wjl7a-af5w9
2026-05-22,7:00 PM,Latin Dance Night: PA'LANTE,Walters Cultural Arts Center,https://cityofhillsboro.ticketspice.com/latin-dance-night-may
2026-05-22,7:30 PM,Neil Simon's Rumors,Experience Theatre Project,https://experiencetheatreproject.ludus.com/show_page.php?show_id=200489354
2026-05-23,10:00 AM,Cycle: The Art of John Smith,Chachalu,https://www.chachalu.org/exhibits/cycle-the-art-of-john-smith/
2026-05-23,10:00 AM,Portland Saturday Market,Waterfront Park,https://www.portlandsaturdaymarket.com/
2026-05-23,7:30 PM,Neil Simon's Rumors,Experience Theatre Project,https://experiencetheatreproject.ludus.com/show_page.php?show_id=200489354
2026-05-24,10:00 AM,Cycle: The Art of John Smith,Chachalu,https://www.chachalu.org/exhibits/cycle-the-art-of-john-smith/
2026-05-24,1:00 PM,Neil Simon's Rumors,Experience Theatre Project,https://experiencetheatreproject.ludus.com/show_page.php?show_id=200489354
2026-05-25,10:00 AM,Cycle: The Art of John Smith,Chachalu,https://www.chachalu.org/exhibits/cycle-the-art-of-john-smith/
2026-05-26,10:00 AM,Cycle: The Art of John Smith,Chachalu,https://www.chachalu.org/exhibits/cycle-the-art-of-john-smith/
2026-05-26,7:30 PM,Kristina Wong,The Armory,https://www.pcs.org/kristina-wong-foodbankinfluencer
2026-05-27,10:00 AM,Cycle: The Art of John Smith,Chachalu,https://www.chachalu.org/exhibits/cycle-the-art-of-john-smith/
2026-05-27,7:30 PM,Kristina Wong,The Armory,https://www.pcs.org/kristina-wong-foodbankinfluencer
2026-05-28,10:00 AM,Cycle: The Art of John Smith,Chachalu,https://www.chachalu.org/exhibits/cycle-the-art-of-john-smith/
2026-05-28,7:30 PM,Kristina Wong,The Armory,https://www.pcs.org/kristina-wong-foodbankinfluencer
2026-05-29,10:00 AM,Cycle: The Art of John Smith,Chachalu,https://www.chachalu.org/exhibits/cycle-the-art-of-john-smith/
2026-05-29,7:30 PM,Kristina Wong,The Armory,https://www.pcs.org/kristina-wong-foodbankinfluencer
2026-05-30,10:00 AM,Cycle: The Art of John Smith,Chachalu,https://www.chachalu.org/exhibits/cycle-the-art-of-john-smith/
2026-05-30,10:00 AM,Portland Saturday Market,Waterfront Park,https://www.portlandsaturdaymarket.com/
2026-05-30,5:00 PM,Dylan May,Music Millennium,https://musicmillennium.tuneportals.com/Event/67830
2026-05-30,7:30 PM,Kristina Wong,The Armory,https://www.pcs.org/kristina-wong-foodbankinfluencer
2026-05-31,10:00 AM,Cycle: The Art of John Smith,Chachalu,https://www.chachalu.org/exhibits/cycle-the-art-of-john-smith/
2026-05-31,2:00 PM,Kristina Wong,The Armory,https://www.pcs.org/kristina-wong-foodbankinfluencer
2026-05-31,5:00 PM,Die Right,Music Millennium,https://musicmillennium.tuneportals.com/Event/67829
2026-05-31,7:30 PM,Kristina Wong,The Armory,https://www.pcs.org/kristina-wong-foodbankinfluencer
2026-06-01,10:00 AM,Cycle: The Art of John Smith,Chachalu,https://www.chachalu.org/exhibits/cycle-the-art-of-john-smith/
2026-06-01,7:35 PM,Kristina Wong,The Armory,https://www.pcs.org/kristina-wong-foodbankinfluencer
2026-06-02,10:00 AM,Cycle: The Art of John Smith,Chachalu,https://www.chachalu.org/exhibits/cycle-the-art-of-john-smith/
2026-06-02,10:00 AM,Exhibit: Time and Place,Walters Cultural Arts Center,https://www.hillsboro-oregon.gov/Home/Components/Calendar/Event/140788/4932
2026-06-02,5:00 PM,Hillsboro Art Walk,Downtown Hillsboro,https://www.hillsboro-oregon.gov/our-city/departments/parks-recreation/events/art-walk
2026-06-02,6:00 PM,Daisychain,Music Millennium,https://musicmillennium.tuneportals.com/Event/67831
2026-06-02,7:30 PM,Kristina Wong,The Armory,https://www.pcs.org/kristina-wong-foodbankinfluencer
2026-06-03,10:00 AM,Cycle: The Art of John Smith,Chachalu,https://www.chachalu.org/exhibits/cycle-the-art-of-john-smith/
2026-06-03,10:00 AM,Exhibit: Time and Place,Walters Cultural Arts Center,https://www.hillsboro-oregon.gov/Home/Components/Calendar/Event/140788/4932
2026-06-03,7:30 PM,Kristina Wong,The Armory,https://www.pcs.org/kristina-wong-foodbankinfluencer
2026-06-04,10:00 AM,Cycle: The Art of John Smith,Chachalu,https://www.chachalu.org/exhibits/cycle-the-art-of-john-smith/
2026-06-04,10:00 AM,Exhibit: Time and Place,Walters Cultural Arts Center,https://www.hillsboro-oregon.gov/Home/Components/Calendar/Event/140788/4932
2026-06-04,2:00 PM,Kristina Wong,The Armory,https://www.pcs.org/kristina-wong-foodbankinfluencer
2026-06-04,7:30 PM,Antikoni,The Vault Theater,https://bagnbaggage.org/event/antikoni-3/2026-06-04/
2026-06-04,7:30 PM,Kristina Wong,The Armory,https://www.pcs.org/kristina-wong-foodbankinfluencer
2026-06-05,10:00 AM,Cycle: The Art of John Smith,Chachalu,https://www.chachalu.org/exhibits/cycle-the-art-of-john-smith/
2026-06-05,10:00 AM,Exhibit: Time and Place,Walters Cultural Arts Center,https://www.hillsboro-oregon.gov/Home/Components/Calendar/Event/140788/4932
2026-06-05,7:30 PM,Antikoni,The Vault Theater,https://bagnbaggage.org/event/antikoni-3/2026-06-04/
2026-06-05,7:30 PM,Kristina Wong,The Armory,https://www.pcs.org/kristina-wong-foodbankinfluencer
2026-06-05,Check Schedule,RXFest: Community is Medicine,Multiple Venues,https://www.travelportland.com/event/32335845622066/
2026-06-06,10:00 AM,Cycle: The Art of John Smith,Chachalu,https://www.chachalu.org/exhibits/cycle-the-art-of-john-smith/
2026-06-06,10:00 AM,Exhibit: Time and Place,Walters Cultural Arts Center,https://www.hillsboro-oregon.gov/Home/Components/Calendar/Event/140788/4932
2026-06-06,10:00 AM,Portland Saturday Market,Waterfront Park,https://www.portlandsaturdaymarket.com/
2026-06-06,2:00 PM,Kristina Wong,The Armory,https://www.pcs.org/kristina-wong-foodbankinfluencer
2026-06-06,7:30 PM,Antikoni,The Vault Theater,https://bagnbaggage.org/event/antikoni-3/2026-06-04/
2026-06-06,7:30 PM,Kristina Wong,The Armory,https://www.pcs.org/kristina-wong-foodbankinfluencer
2026-06-06,Check Schedule,RXFest: Community is Medicine,Multiple Venues,https://www.travelportland.com/event/32335845622066/
2026-06-07,10:00 AM,Cycle: The Art of John Smith,Chachalu,https://www.chachalu.org/exhibits/cycle-the-art-of-john-smith/
2026-06-07,10:00 AM,Exhibit: Time and Place,Walters Cultural Arts Center,https://www.hillsboro-oregon.gov/Home/Components/Calendar/Event/140788/4932
2026-06-07,2:00 PM,Antikoni,The Vault Theater,https://bagnbaggage.org/event/antikoni-3/2026-06-04/
2026-06-07,2:00 PM,Kristina Wong,The Armory,https://www.pcs.org/kristina-wong-foodbankinfluencer
2026-06-07,7:30 PM,Kristina Wong,The Armory,https://www.pcs.org/kristina-wong-foodbankinfluencer
2026-06-07,Check Schedule,RXFest: Community is Medicine,Multiple Venues,https://www.travelportland.com/event/32335845622066/
2026-06-08,10:00 AM,Cycle: The Art of John Smith,Chachalu,https://www.chachalu.org/exhibits/cycle-the-art-of-john-smith/
2026-06-08,10:00 AM,Exhibit: Time and Place,Walters Cultural Arts Center,https://www.hillsboro-oregon.gov/Home/Components/Calendar/Event/140788/4932
2026-06-09,10:00 AM,Cycle: The Art of John Smith,Chachalu,https://www.chachalu.org/exhibits/cycle-the-art-of-john-smith/
2026-06-09,10:00 AM,Exhibit: Time and Place,Walters Cultural Arts Center,https://www.hillsboro-oregon.gov/Home/Components/Calendar/Event/140788/4932
2026-06-09,5:00 PM,All-Ages Board Game Night (LGBTQ+),Westside Queer Resource Center,https://queersocialclub.com/events-portland/i488wvlr3nn272kzl88e0a9uh01b5e-jwmb9-7aphb-x3z74-2dfgb-ypzsw-8e36m
2026-06-09,6:00 PM,Dominic Antonelli,Music Millennium,https://musicmillennium.tuneportals.com/Event/67832
2026-06-10,10:00 AM,Cycle: The Art of John Smith,Chachalu,https://www.chachalu.org/exhibits/cycle-the-art-of-john-smith/
2026-06-10,10:00 AM,Exhibit: Time and Place,Walters Cultural Arts Center,https://www.hillsboro-oregon.gov/Home/Components/Calendar/Event/140788/4932
2026-06-10,6:00 PM,Tish Hinojosa,Music Millennium,https://musicmillennium.tuneportals.com/Event/67833
2026-06-11,10:00 AM,Cycle: The Art of John Smith,Chachalu,https://www.chachalu.org/exhibits/cycle-the-art-of-john-smith/
2026-06-11,10:00 AM,Exhibit: Time and Place,Walters Cultural Arts Center,https://www.hillsboro-oregon.gov/Home/Components/Calendar/Event/140788/4932
2026-06-11,7:30 PM,Antikoni,The Vault Theater,https://bagnbaggage.org/event/antikoni-3/2026-06-04/
2026-06-12,10:00 AM,Cycle: The Art of John Smith,Chachalu,https://www.chachalu.org/exhibits/cycle-the-art-of-john-smith/
2026-06-12,10:00 AM,Exhibit: Time and Place,Walters Cultural Arts Center,https://www.hillsboro-oregon.gov/Home/Components/Calendar/Event/140788/4932
2026-06-12,7:30 PM,Antikoni,The Vault Theater,https://bagnbaggage.org/event/antikoni-3/2026-06-04/
2026-06-12,7:30 PM,Storm Large Makes it Home,The Armory,https://www.pcs.org/storm-large-makes-it-home
2026-06-13,10:00 AM,Cycle: The Art of John Smith,Chachalu,https://www.chachalu.org/exhibits/cycle-the-art-of-john-smith/
2026-06-13,10:00 AM,Exhibit: Time and Place,Walters Cultural Arts Center,https://www.hillsboro-oregon.gov/Home/Components/Calendar/Event/140788/4932
2026-06-13,10:00 AM,Portland Saturday Market,Waterfront Park,https://www.portlandsaturdaymarket.com/
2026-06-13,2:00 PM,Storm Large Makes it Home,The Armory,https://www.pcs.org/storm-large-makes-it-home
2026-06-13,5:00 PM,Trabants,Music Millennium,https://musicmillennium.tuneportals.com/Event/67834
2026-06-13,7:30 PM,Antikoni,The Vault Theater,https://bagnbaggage.org/event/antikoni-3/2026-06-04/
2026-06-13,7:30 PM,Disney's Descendants: The Musical (Red Carpet Opening Night),HART Theater,https://hart.ludus.com/index.php?show_id=200483522
2026-06-13,7:30 PM,Storm Large Makes it Home,The Armory,https://www.pcs.org/storm-large-makes-it-home
2026-06-14,10:00 AM,Cycle: The Art of John Smith,Chachalu,https://www.chachalu.org/exhibits/cycle-the-art-of-john-smith/
2026-06-14,10:00 AM,Exhibit: Time and Place,Walters Cultural Arts Center,https://www.hillsboro-oregon.gov/Home/Components/Calendar/Event/140788/4932
2026-06-14,2:00 PM,Antikoni,The Vault Theater,https://bagnbaggage.org/event/antikoni-3/2026-06-04/
2026-06-14,2:00 PM,Disney's Descendants: The Musical,HART Theater,https://hart.ludus.com/index.php?show_id=200483522
2026-06-14,2:00 PM,Storm Large Makes it Home,The Armory,https://www.pcs.org/storm-large-makes-it-home
2026-06-14,5:00 PM,Eleni Mandell,Music Millennium,https://musicmillennium.tuneportals.com/Event/67835
2026-06-14,7:30 PM,Storm Large Makes it Home,The Armory,https://www.pcs.org/storm-large-makes-it-home
2026-06-15,10:00 AM,Cycle: The Art of John Smith,Chachalu,https://www.chachalu.org/exhibits/cycle-the-art-of-john-smith/
2026-06-15,10:00 AM,Exhibit: Time and Place,Walters Cultural Arts Center,https://www.hillsboro-oregon.gov/Home/Components/Calendar/Event/140788/4932
2026-06-15,7:00 PM,Poetry Open Mic,Hawthorne Hideaway,https://www.facebook.com/thehawthornehideaway/
2026-06-16,10:00 AM,Cycle: The Art of John Smith,Chachalu,https://www.chachalu.org/exhibits/cycle-the-art-of-john-smith/
2026-06-16,10:00 AM,Exhibit: Time and Place,Walters Cultural Arts Center,https://www.hillsboro-oregon.gov/Home/Components/Calendar/Event/140788/4932
2026-06-16,7:30 PM,Storm Large Makes it Home,The Armory,https://www.pcs.org/storm-large-makes-it-home
2026-06-17,10:00 AM,Cycle: The Art of John Smith,Chachalu,https://www.chachalu.org/exhibits/cycle-the-art-of-john-smith/
2026-06-17,10:00 AM,Exhibit: Time and Place,Walters Cultural Arts Center,https://www.hillsboro-oregon.gov/Home/Components/Calendar/Event/140788/4932
2026-06-18,10:00 AM,Cycle: The Art of John Smith,Chachalu,https://www.chachalu.org/exhibits/cycle-the-art-of-john-smith/
2026-06-18,10:00 AM,Exhibit: Time and Place,Walters Cultural Arts Center,https://www.hillsboro-oregon.gov/Home/Components/Calendar/Event/140788/4932
2026-06-18,7:30 PM,Antikoni,The Vault Theater,https://bagnbaggage.org/event/antikoni-3/2026-06-04/
2026-06-19,10:00 AM,Cycle: The Art of John Smith,Chachalu,https://www.chachalu.org/exhibits/cycle-the-art-of-john-smith/
2026-06-19,10:00 AM,Exhibit: Time and Place,Walters Cultural Arts Center,https://www.hillsboro-oregon.gov/Home/Components/Calendar/Event/140788/4932
2026-06-19,7:00 PM,503 Open Mic!,503 Records,https://503records.com/events
2026-06-19,7:30 PM,Antikoni,The Vault Theater,https://bagnbaggage.org/event/antikoni-3/2026-06-04/
2026-06-19,7:30 PM,Disney's Descendants: The Musical,HART Theater,https://hart.ludus.com/index.php?show_id=200483522
2026-06-20,10:00 AM,Cycle: The Art of John Smith,Chachalu,https://www.chachalu.org/exhibits/cycle-the-art-of-john-smith/
2026-06-20,10:00 AM,Exhibit: Time and Place,Walters Cultural Arts Center,https://www.hillsboro-oregon.gov/Home/Components/Calendar/Event/140788/4932
2026-06-20,10:00 AM,Portland Saturday Market,Waterfront Park,https://www.portlandsaturdaymarket.com/
2026-06-20,1:00 PM,Saturday Crafternoons (LGBTQ+),Westside Queer Resource Center,https://westsideqrc.org/calendar/event/4942/2026/04/18
2026-06-20,2:00 PM,Disney's Descendants: The Musical,HART Theater,https://hart.ludus.com/index.php?show_id=200483522
2026-06-20,7:30 PM,Antikoni,The Vault Theater,https://bagnbaggage.org/event/antikoni-3/2026-06-04/
2026-06-21,10:00 AM,Cycle: The Art of John Smith,Chachalu,https://www.chachalu.org/exhibits/cycle-the-art-of-john-smith/
2026-06-21,10:00 AM,Exhibit: Time and Place,Walters Cultural Arts Center,https://www.hillsboro-oregon.gov/Home/Components/Calendar/Event/140788/4932
2026-06-21,2:00 PM,Antikoni,The Vault Theater,https://bagnbaggage.org/event/antikoni-3/2026-06-04/
2026-06-21,2:00 PM,Disney's Descendants: The Musical,HART Theater,https://hart.ludus.com/index.php?show_id=200483522
2026-06-22,10:00 AM,Cycle: The Art of John Smith,Chachalu,https://www.chachalu.org/exhibits/cycle-the-art-of-john-smith/
2026-06-22,10:00 AM,Exhibit: Time and Place,Walters Cultural Arts Center,https://www.hillsboro-oregon.gov/Home/Components/Calendar/Event/140788/4932
2026-06-23,10:00 AM,Cycle: The Art of John Smith,Chachalu,https://www.chachalu.org/exhibits/cycle-the-art-of-john-smith/
2026-06-23,10:00 AM,Exhibit: Time and Place,Walters Cultural Arts Center,https://www.hillsboro-oregon.gov/Home/Components/Calendar/Event/140788/4932
2026-06-23,7:30 PM,Storm Large Makes it Home,The Armory,https://www.pcs.org/storm-large-makes-it-home
2026-06-24,10:00 AM,Cycle: The Art of John Smith,Chachalu,https://www.chachalu.org/exhibits/cycle-the-art-of-john-smith/
2026-06-24,10:00 AM,Exhibit: Time and Place,Walters Cultural Arts Center,https://www.hillsboro-oregon.gov/Home/Components/Calendar/Event/140788/4932
2026-06-24,2:00 PM,Storm Large Makes it Home,The Armory,https://www.pcs.org/storm-large-makes-it-home
2026-06-24,7:30 PM,Storm Large Makes it Home,The Armory,https://www.pcs.org/storm-large-makes-it-home
2026-06-25,10:00 AM,Cycle: The Art of John Smith,Chachalu,https://www.chachalu.org/exhibits/cycle-the-art-of-john-smith/
2026-06-25,10:00 AM,Exhibit: Time and Place,Walters Cultural Arts Center,https://www.hillsboro-oregon.gov/Home/Components/Calendar/Event/140788/4932
2026-06-25,7:30 PM,Disney's Descendants: The Musical,HART Theater,https://hart.ludus.com/index.php?show_id=200483522
2026-06-25,7:30 PM,Storm Large Makes it Home,The Armory,https://www.pcs.org/storm-large-makes-it-home
2026-06-26,10:00 AM,Cycle: The Art of John Smith,Chachalu,https://www.chachalu.org/exhibits/cycle-the-art-of-john-smith/
2026-06-26,10:00 AM,Exhibit: Time and Place,Walters Cultural Arts Center,https://www.hillsboro-oregon.gov/Home/Components/Calendar/Event/140788/4932
2026-06-26,6:00 PM,Sit Pretty,Music Millennium,https://musicmillennium.tuneportals.com/Event/67836
2026-06-26,6:30 PM,18+ Queer Affinity Group,Westside Queer Resource Center,https://queersocialclub.com/events-portland/queer-affinity-group-18-wqrc-5-trn6e-c7dhz-frem8-34tps-wjl7a-af5w9
2026-06-26,7:30 PM,Disney's Descendants: The Musical,HART Theater,https://hart.ludus.com/index.php?show_id=200483522
2026-06-26,7:30 PM,Storm Large Makes it Home,The Armory,https://www.pcs.org/storm-large-makes-it-home
2026-06-27,10:00 AM,Cycle: The Art of John Smith,Chachalu,https://www.chachalu.org/exhibits/cycle-the-art-of-john-smith/
2026-06-27,10:00 AM,Exhibit: Time and Place,Walters Cultural Arts Center,https://www.hillsboro-oregon.gov/Home/Components/Calendar/Event/140788/4932
2026-06-27,10:00 AM,Portland Saturday Market,Waterfront Park,https://www.portlandsaturdaymarket.com/
2026-06-27,2:00 PM,Storm Large Makes it Home,The Armory,https://www.pcs.org/storm-large-makes-it-home
2026-06-27,7:30 PM,Disney's Descendants: The Musical,HART Theater,https://hart.ludus.com/index.php?show_id=200483522
2026-06-27,7:30 PM,Storm Large Makes it Home,The Armory,https://www.pcs.org/storm-large-makes-it-home
2026-06-28,10:00 AM,Cycle: The Art of John Smith,Chachalu,https://www.chachalu.org/exhibits/cycle-the-art-of-john-smith/
2026-06-28,10:00 AM,Exhibit: Time and Place,Walters Cultural Arts Center,https://www.hillsboro-oregon.gov/Home/Components/Calendar/Event/140788/4932
2026-06-28,2:00 PM,Disney's Descendants: The Musical,HART Theater,https://hart.ludus.com/index.php?show_id=200483522
2026-06-28,2:00 PM,Storm Large Makes it Home,The Armory,https://www.pcs.org/storm-large-makes-it-home
2026-06-28,7:30 PM,Storm Large Makes it Home,The Armory,https://www.pcs.org/storm-large-makes-it-home
2026-06-29,10:00 AM,Cycle: The Art of John Smith,Chachalu,https://www.chachalu.org/exhibits/cycle-the-art-of-john-smith/
2026-06-30,10:00 AM,Cycle: The Art of John Smith,Chachalu,https://www.chachalu.org/exhibits/cycle-the-art-of-john-smith/
2026-07-01,10:00 AM,Cycle: The Art of John Smith,Chachalu,https://www.chachalu.org/exhibits/cycle-the-art-of-john-smith/
2026-07-02,10:00 AM,Cycle: The Art of John Smith,Chachalu,https://www.chachalu.org/exhibits/cycle-the-art-of-john-smith/
2026-07-03,10:00 AM,Cycle: The Art of John Smith,Chachalu,https://www.chachalu.org/exhibits/cycle-the-art-of-john-smith/
2026-07-04,10:00 AM,Cycle: The Art of John Smith,Chachalu,https://www.chachalu.org/exhibits/cycle-the-art-of-john-smith/
2026-07-04,10:00 AM,Portland Saturday Market,Waterfront Park,https://www.portlandsaturdaymarket.com/
2026-07-05,10:00 AM,Cycle: The Art of John Smith,Chachalu,https://www.chachalu.org/exhibits/cycle-the-art-of-john-smith/
2026-07-06,10:00 AM,Cycle: The Art of John Smith,Chachalu,https://www.chachalu.org/exhibits/cycle-the-art-of-john-smith/
2026-07-07,10:00 AM,Cycle: The Art of John Smith,Chachalu,https://www.chachalu.org/exhibits/cycle-the-art-of-john-smith/
2026-07-07,5:00 PM,Hillsboro Art Walk,Downtown Hillsboro,https://www.hillsboro-oregon.gov/our-city/departments/parks-recreation/events/art-walk
2026-07-08,10:00 AM,Cycle: The Art of John Smith,Chachalu,https://www.chachalu.org/exhibits/cycle-the-art-of-john-smith/
2026-07-09,10:00 AM,Cycle: The Art of John Smith,Chachalu,https://www.chachalu.org/exhibits/cycle-the-art-of-john-smith/
2026-07-10,10:00 AM,Cycle: The Art of John Smith,Chachalu,https://www.chachalu.org/exhibits/cycle-the-art-of-john-smith/
2026-07-11,10:00 AM,Cycle: The Art of John Smith,Chachalu,https://www.chachalu.org/exhibits/cycle-the-art-of-john-smith/
2026-07-11,10:00 AM,Portland Saturday Market,Waterfront Park,https://www.portlandsaturdaymarket.com/
2026-07-12,10:00 AM,Cycle: The Art of John Smith,Chachalu,https://www.chachalu.org/exhibits/cycle-the-art-of-john-smith/
2026-07-13,10:00 AM,Cycle: The Art of John Smith,Chachalu,https://www.chachalu.org/exhibits/cycle-the-art-of-john-smith/
2026-07-14,10:00 AM,Cycle: The Art of John Smith,Chachalu,https://www.chachalu.org/exhibits/cycle-the-art-of-john-smith/
2026-07-14,5:00 PM,All-Ages Board Game Night (LGBTQ+),Westside Queer Resource Center,https://queersocialclub.com/events-portland/i488wvlr3nn272kzl88e0a9uh01b5e-jwmb9-7aphb-x3z74-2dfgb-ypzsw-8e36m
2026-07-15,10:00 AM,Cycle: The Art of John Smith,Chachalu,https://www.chachalu.org/exhibits/cycle-the-art-of-john-smith/
2026-07-16,10:00 AM,Cycle: The Art of John Smith,Chachalu,https://www.chachalu.org/exhibits/cycle-the-art-of-john-smith/
2026-07-17,10:00 AM,Cycle: The Art of John Smith,Chachalu,https://www.chachalu.org/exhibits/cycle-the-art-of-john-smith/
2026-07-17,7:00 PM,503 Open Mic!,503 Records,https://503records.com/events
2026-07-18,10:00 AM,Cycle: The Art of John Smith,Chachalu,https://www.chachalu.org/exhibits/cycle-the-art-of-john-smith/
2026-07-18,10:00 AM,Portland Saturday Market,Waterfront Park,https://www.portlandsaturdaymarket.com/
2026-07-18,1:00 PM,Saturday Crafternoons (LGBTQ+),Westside Queer Resource Center,https://westsideqrc.org/calendar/event/4942/2026/04/18
2026-07-19,10:00 AM,Cycle: The Art of John Smith,Chachalu,https://www.chachalu.org/exhibits/cycle-the-art-of-john-smith/
2026-07-20,10:00 AM,Cycle: The Art of John Smith,Chachalu,https://www.chachalu.org/exhibits/cycle-the-art-of-john-smith/
2026-07-21,10:00 AM,Cycle: The Art of John Smith,Chachalu,https://www.chachalu.org/exhibits/cycle-the-art-of-john-smith/
2026-07-22,10:00 AM,Cycle: The Art of John Smith,Chachalu,https://www.chachalu.org/exhibits/cycle-the-art-of-john-smith/
2026-07-23,10:00 AM,Cycle: The Art of John Smith,Chachalu,https://www.chachalu.org/exhibits/cycle-the-art-of-john-smith/
2026-07-24,10:00 AM,Cycle: The Art of John Smith,Chachalu,https://www.chachalu.org/exhibits/cycle-the-art-of-john-smith/
2026-07-24,6:30 PM,18+ Queer Affinity Group,Westside Queer Resource Center,https://queersocialclub.com/events-portland/queer-affinity-group-18-wqrc-5-trn6e-c7dhz-frem8-34tps-wjl7a-af5w9
2026-07-25,10:00 AM,Cycle: The Art of John Smith,Chachalu,https://www.chachalu.org/exhibits/cycle-the-art-of-john-smith/
2026-07-25,10:00 AM,Portland Saturday Market,Waterfront Park,https://www.portlandsaturdaymarket.com/
2026-07-26,10:00 AM,Cycle: The Art of John Smith,Chachalu,https://www.chachalu.org/exhibits/cycle-the-art-of-john-smith/
2026-07-27,10:00 AM,Cycle: The Art of John Smith,Chachalu,https://www.chachalu.org/exhibits/cycle-the-art-of-john-smith/
2026-07-28,10:00 AM,Cycle: The Art of John Smith,Chachalu,https://www.chachalu.org/exhibits/cycle-the-art-of-john-smith/
2026-07-29,10:00 AM,Cycle: The Art of John Smith,Chachalu,https://www.chachalu.org/exhibits/cycle-the-art-of-john-smith/
2026-07-30,10:00 AM,Cycle: The Art of John Smith,Chachalu,https://www.chachalu.org/exhibits/cycle-the-art-of-john-smith/
2026-07-31,10:00 AM,Cycle: The Art of John Smith,Chachalu,https://www.chachalu.org/exhibits/cycle-the-art-of-john-smith/
2026-08-01,10:00 AM,Cycle: The Art of John Smith,Chachalu,https://www.chachalu.org/exhibits/cycle-the-art-of-john-smith/
2026-08-01,10:00 AM,Portland Saturday Market,Waterfront Park,https://www.portlandsaturdaymarket.com/
2026-08-02,10:00 AM,Cycle: The Art of John Smith,Chachalu,https://www.chachalu.org/exhibits/cycle-the-art-of-john-smith/
2026-08-03,10:00 AM,Cycle: The Art of John Smith,Chachalu,https://www.chachalu.org/exhibits/cycle-the-art-of-john-smith/
2026-08-04,10:00 AM,Cycle: The Art of John Smith,Chachalu,https://www.chachalu.org/exhibits/cycle-the-art-of-john-smith/
2026-08-04,5:00 PM,Hillsboro Art Walk,Downtown Hillsboro,https://www.hillsboro-oregon.gov/our-city/departments/parks-recreation/events/art-walk
2026-08-05,10:00 AM,Cycle: The Art of John Smith,Chachalu,https://www.chachalu.org/exhibits/cycle-the-art-of-john-smith/
2026-08-06,10:00 AM,Cycle: The Art of John Smith,Chachalu,https://www.chachalu.org/exhibits/cycle-the-art-of-john-smith/
2026-08-07,10:00 AM,Cycle: The Art of John Smith,Chachalu,https://www.chachalu.org/exhibits/cycle-the-art-of-john-smith/
2026-08-08,10:00 AM,Cycle: The Art of John Smith,Chachalu,https://www.chachalu.org/exhibits/cycle-the-art-of-john-smith/
2026-08-08,10:00 AM,Portland Saturday Market,Waterfront Park,https://www.portlandsaturdaymarket.com/
2026-08-08,11:00 AM,Annual Music Millennium Barbecue,Music Millennium,https://musicmillennium.tuneportals.com/Event/67837
2026-08-09,10:00 AM,Cycle: The Art of John Smith,Chachalu,https://www.chachalu.org/exhibits/cycle-the-art-of-john-smith/
2026-08-10,10:00 AM,Cycle: The Art of John Smith,Chachalu,https://www.chachalu.org/exhibits/cycle-the-art-of-john-smith/
2026-08-11,10:00 AM,Cycle: The Art of John Smith,Chachalu,https://www.chachalu.org/exhibits/cycle-the-art-of-john-smith/
2026-08-11,5:00 PM,All-Ages Board Game Night (LGBTQ+),Westside Queer Resource Center,https://queersocialclub.com/events-portland/i488wvlr3nn272kzl88e0a9uh01b5e-jwmb9-7aphb-x3z74-2dfgb-ypzsw-8e36m
2026-08-12,10:00 AM,Cycle: The Art of John Smith,Chachalu,https://www.chachalu.org/exhibits/cycle-the-art-of-john-smith/
2026-08-13,10:00 AM,Cycle: The Art of John Smith,Chachalu,https://www.chachalu.org/exhibits/cycle-the-art-of-john-smith/
2026-08-14,10:00 AM,Cycle: The Art of John Smith,Chachalu,https://www.chachalu.org/exhibits/cycle-the-art-of-john-smith/
2026-08-15,10:00 AM,Cycle: The Art of John Smith,Chachalu,https://www.chachalu.org/exhibits/cycle-the-art-of-john-smith/
2026-08-15,10:00 AM,Portland Saturday Market,Waterfront Park,https://www.portlandsaturdaymarket.com/
2026-08-15,1:00 PM,Saturday Crafternoons (LGBTQ+),Westside Queer Resource Center,https://westsideqrc.org/calendar/event/4942/2026/04/18
2026-08-15,5:00 PM,Laura Veirs,Music Millennium,https://musicmillennium.tuneportals.com/Event/67838
2026-08-16,10:00 AM,Cycle: The Art of John Smith,Chachalu,https://www.chachalu.org/exhibits/cycle-the-art-of-john-smith/
2026-08-17,10:00 AM,Cycle: The Art of John Smith,Chachalu,https://www.chachalu.org/exhibits/cycle-the-art-of-john-smith/
2026-08-18,10:00 AM,Cycle: The Art of John Smith,Chachalu,https://www.chachalu.org/exhibits/cycle-the-art-of-john-smith/
2026-08-19,10:00 AM,Cycle: The Art of John Smith,Chachalu,https://www.chachalu.org/exhibits/cycle-the-art-of-john-smith/
2026-08-20,10:00 AM,Cycle: The Art of John Smith,Chachalu,https://www.chachalu.org/exhibits/cycle-the-art-of-john-smith/
2026-08-21,10:00 AM,Cycle: The Art of John Smith,Chachalu,https://www.chachalu.org/exhibits/cycle-the-art-of-john-smith/
2026-08-21,7:00 PM,503 Open Mic!,503 Records,https://503records.com/events
2026-08-22,10:00 AM,Cycle: The Art of John Smith,Chachalu,https://www.chachalu.org/exhibits/cycle-the-art-of-john-smith/
2026-08-22,10:00 AM,Portland Saturday Market,Waterfront Park,https://www.portlandsaturdaymarket.com/
2026-08-23,10:00 AM,Cycle: The Art of John Smith,Chachalu,https://www.chachalu.org/exhibits/cycle-the-art-of-john-smith/
2026-08-24,10:00 AM,Cycle: The Art of John Smith,Chachalu,https://www.chachalu.org/exhibits/cycle-the-art-of-john-smith/
2026-08-25,10:00 AM,Cycle: The Art of John Smith,Chachalu,https://www.chachalu.org/exhibits/cycle-the-art-of-john-smith/
2026-08-26,10:00 AM,Cycle: The Art of John Smith,Chachalu,https://www.chachalu.org/exhibits/cycle-the-art-of-john-smith/
2026-08-27,10:00 AM,Cycle: The Art of John Smith,Chachalu,https://www.chachalu.org/exhibits/cycle-the-art-of-john-smith/
2026-08-28,10:00 AM,Cycle: The Art of John Smith,Chachalu,https://www.chachalu.org/exhibits/cycle-the-art-of-john-smith/
2026-08-28,6:30 PM,18+ Queer Affinity Group,Westside Queer Resource Center,https://queersocialclub.com/events-portland/queer-affinity-group-18-wqrc-5-trn6e-c7dhz-frem8-34tps-wjl7a-af5w9
2026-08-29,10:00 AM,Cycle: The Art of John Smith,Chachalu,https://www.chachalu.org/exhibits/cycle-the-art-of-john-smith/
2026-08-29,10:00 AM,Portland Saturday Market,Waterfront Park,https://www.portlandsaturdaymarket.com/
2026-08-30,10:00 AM,Cycle: The Art of John Smith,Chachalu,https://www.chachalu.org/exhibits/cycle-the-art-of-john-smith/
2026-08-31,10:00 AM,Cycle: The Art of John Smith,Chachalu,https://www.chachalu.org/exhibits/cycle-the-art-of-john-smith/
2026-09-01,10:00 AM,Cycle: The Art of John Smith,Chachalu,https://www.chachalu.org/exhibits/cycle-the-art-of-john-smith/
2026-09-01,5:00 PM,Hillsboro Art Walk (20th Anniversary!),Downtown Hillsboro,https://www.hillsboro-oregon.gov/our-city/departments/parks-recreation/events/art-walk
2026-09-02,10:00 AM,Cycle: The Art of John Smith,Chachalu,https://www.chachalu.org/exhibits/cycle-the-art-of-john-smith/
2026-09-03,10:00 AM,Cycle: The Art of John Smith,Chachalu,https://www.chachalu.org/exhibits/cycle-the-art-of-john-smith/
2026-09-04,10:00 AM,Cycle: The Art of John Smith,Chachalu,https://www.chachalu.org/exhibits/cycle-the-art-of-john-smith/
2026-09-05,10:00 AM,Cycle: The Art of John Smith,Chachalu,https://www.chachalu.org/exhibits/cycle-the-art-of-john-smith/
2026-09-05,10:00 AM,Portland Saturday Market,Waterfront Park,https://www.portlandsaturdaymarket.com/
2026-09-08,5:00 PM,All-Ages Board Game Night (LGBTQ+),Westside Queer Resource Center,https://queersocialclub.com/events-portland/i488wvlr3nn272kzl88e0a9uh01b5e-jwmb9-7aphb-x3z74-2dfgb-ypzsw-8e36m
2026-09-12,10:00 AM,Portland Saturday Market,Waterfront Park,https://www.portlandsaturdaymarket.com/
2026-09-18,7:00 PM,503 Open Mic!,503 Records,https://503records.com/events
2026-09-19,10:00 AM,Portland Saturday Market,Waterfront Park,https://www.portlandsaturdaymarket.com/
2026-09-19,1:00 PM,Saturday Crafternoons (LGBTQ+),Westside Queer Resource Center,https://westsideqrc.org/calendar/event/4942/2026/04/18
2026-09-25,6:30 PM,18+ Queer Affinity Group,Westside Queer Resource Center,https://queersocialclub.com/events-portland/queer-affinity-group-18-wqrc-5-trn6e-c7dhz-frem8-34tps-wjl7a-af5w9
2026-09-26,10:00 AM,Portland Saturday Market,Waterfront Park,https://www.portlandsaturdaymarket.com/
2026-10-03,10:00 AM,Portland Saturday Market,Waterfront Park,https://www.portlandsaturdaymarket.com/
2026-10-06,5:00 PM,Hillsboro Art Walk,Downtown Hillsboro,https://www.hillsboro-oregon.gov/our-city/departments/parks-recreation/events/art-walk
2026-10-10,10:00 AM,Portland Saturday Market,Waterfront Park,https://www.portlandsaturdaymarket.com/
2026-10-16,7:00 PM,503 Open Mic!,503 Records,https://503records.com/events
2026-10-17,10:00 AM,Portland Saturday Market,Waterfront Park,https://www.portlandsaturdaymarket.com/
2026-10-24,10:00 AM,Portland Saturday Market,Waterfront Park,https://www.portlandsaturdaymarket.com/
2026-10-31,10:00 AM,Portland Saturday Market,Waterfront Park,https://www.portlandsaturdaymarket.com/
2026-11-07,10:00 AM,Portland Saturday Market,Waterfront Park,https://www.portlandsaturdaymarket.com/
2026-11-14,10:00 AM,Portland Saturday Market,Waterfront Park,https://www.portlandsaturdaymarket.com/
2026-11-20,7:00 PM,503 Open Mic!,503 Records,https://503records.com/events
2026-11-21,10:00 AM,Portland Saturday Market,Waterfront Park,https://www.portlandsaturdaymarket.com/
2026-11-28,10:00 AM,Portland Saturday Market,Waterfront Park,https://www.portlandsaturdaymarket.com/
2026-12-05,10:00 AM,Portland Saturday Market,Waterfront Park,https://www.portlandsaturdaymarket.com/
2026-12-12,10:00 AM,Portland Saturday Market,Waterfront Park,https://www.portlandsaturdaymarket.com/
2026-12-18,7:00 PM,503 Open Mic!,503 Records,https://503records.com/events
2026-12-19,10:00 AM,Portland Saturday Market,Waterfront Park,https://www.portlandsaturdaymarket.com/